pid,n_scs_total,n_scs_strong,n_branches,S,K,merger_richness,C_fourier,n_sign_changes,phase
0,77,5,2,0.4333988732907457,0.9333988732907457,2,3.3113009082321123,1,StrongMerger
1,0,0,2,0.18920898053816695,0.18920898053816695,0,7.453800848619352,1,Trivial
2,108,3,3,0.9840865030829146,1.2840865030829147,2,3.6668665194856906,2,StrongMerger
3,0,0,3,1.0861979723945263,1.0861979723945263,0,1.3691366007684045,2,Trivial
4,213,10,1,0.0,1.0,0,7.51150727126335,0,Fragmented
5,170,6,2,0.4333988732907457,1.0333988732907458,2,1.0527050854738098,1,StrongMerger
6,0,0,2,0.34520662539160074,0.34520662539160074,0,2.1566678387671088,1,Trivial
7,24,3,2,0.34520662539160074,0.6452066253916008,2,7.124351947087752,1,StrongMerger
8,30,2,3,0.8487117579658698,1.0487117579658698,2,2.3701360482866716,2,StrongMerger
9,3,3,2,0.5941300227248385,0.8941300227248385,2,0.9396746359563724,1,StrongMerger
10,58,4,2,0.6808899872666533,1.0808899872666533,2,3.5192632231354644,1,StrongMerger
11,101,8,1,0.0,0.8,0,2.623096202916876,0,Fragmented
12,0,0,1,0.0,0.0,0,2.21677566391878,0,Trivial
13,126,8,2,0.18920898053816695,0.989208980538167,2,3.041599434539009,1,StrongMerger
14,144,5,4,1.1132160014658368,1.6132160014658368,2,0.822773509071519,3,StrongMerger
15,77,2,3,0.8743450392352181,1.074345039235218,2,0.37485389854432777,2,StrongMerger
16,92,4,3,1.0066670009137897,1.4066670009137896,2,0.675053177608099,2,StrongMerger
17,213,11,2,0.08048483706800685,1.180484837068007,2,5.584704579706878,1,StrongMerger
18,25,0,3,0.9810398994243299,0.9810398994243299,0,0.35578263345078304,2,Trivial
19,28,5,3,0.9806428695122922,1.4806428695122922,2,0.9787341618609254,2,StrongMerger
20,22,3,2,0.5047041940481001,0.8047041940481001,2,3.048552564771016,1,StrongMerger
21,25,0,3,0.930645552649247,0.930645552649247,0,1.132780267734924,2,Trivial
22,110,2,1,0.0,0.2,0,2.196196522659483,0,Fragmented
23,0,0,2,0.48257756517701206,0.48257756517701206,0,0.3299441317742323,1,Trivial
24,0,0,2,0.34520662539160074,0.34520662539160074,0,0.7429246971843155,1,Trivial
25,0,0,5,1.3163526289572056,1.3163526289572056,0,0.2845187505716625,4,Trivial
26,19,3,3,0.5919104328777565,0.8919104328777565,2,1.640069050127069,2,StrongMerger
27,0,0,1,0.0,0.0,0,13.280469260722251,0,Trivial
28,0,0,3,0.21904558217698628,0.21904558217698628,0,2.594321882314101,2,Trivial
29,0,0,2,0.6690268361602776,0.6690268361602776,0,0.9713409367040897,1,Trivial
30,134,7,4,1.323238502140029,2.023238502140029,2,0.747629144120225,3,StrongMerger
31,0,0,2,0.27416591535017265,0.27416591535017265,0,3.5125386197359534,1,Trivial
32,0,0,3,0.7792923924776639,0.7792923924776639,0,2.3896963626652528,2,Trivial
33,3,3,4,0.9004983699311657,1.2004983699311658,2,0.6471843214031806,3,StrongMerger
34,60,3,2,0.48257756517701206,0.7825775651770122,2,0.46347545178539246,1,StrongMerger
35,14,2,4,1.0983992705009928,1.2983992705009928,2,0.9874103144303729,3,StrongMerger
36,26,3,3,0.9344359631484513,1.2344359631484514,2,3.6297890338359324,2,StrongMerger
37,18,1,3,0.8064769418829218,0.9064769418829218,2,1.299266803269523,2,StrongMerger
38,3,1,2,0.6081931982998787,0.7081931982998787,2,2.433000041227937,1,StrongMerger
39,0,0,1,0.0,0.0,0,5.508551376494293,0,Trivial
40,0,0,2,0.5623351446188083,0.5623351446188083,0,1.0763650346980915,1,Trivial
41,0,0,3,0.9121020565291684,0.9121020565291684,0,0.47633264941398296,2,Trivial
42,130,4,2,0.6615632381579821,1.0615632381579823,2,0.7478293548109411,1,StrongMerger
43,0,0,2,0.5941300227248385,0.5941300227248385,0,0.6178608639651684,1,Trivial
44,156,1,2,0.6853142072764582,0.7853142072764582,1,1.1445919668942182,1,WeakMerger
45,0,0,2,0.6754645824509031,0.6754645824509031,0,2.429474281748509,1,Trivial
46,0,0,1,0.0,0.0,0,0.9784540653374999,0,Trivial
47,0,0,2,0.6530577442776866,0.6530577442776866,0,0.6810759277561493,1,Trivial
48,0,0,3,0.9018177312797546,0.9018177312797546,0,0.7903969370684316,2,Trivial
49,126,10,2,0.3111291548118492,1.3111291548118493,2,2.7802606520455493,1,StrongMerger
50,0,0,2,0.6081931982998787,0.6081931982998787,0,3.744996427134237,1,Trivial
51,0,0,2,0.27416591535017265,0.27416591535017265,0,4.415513346479309,1,Trivial
52,35,3,3,0.9806428695122922,1.2806428695122922,2,1.0745897185462416,2,StrongMerger
53,0,0,2,0.6615632381579821,0.6615632381579821,0,0.9485567170026511,1,Trivial
54,0,0,3,0.9369681643838608,0.9369681643838608,0,0.21492289260443193,2,Trivial
55,131,6,1,0.0,0.6000000000000001,0,3.7380228899869845,0,Fragmented
56,157,8,1,0.0,0.8,0,5.660210096107398,0,Fragmented
57,0,0,2,0.6434915530192904,0.6434915530192904,0,0.5331882386267643,1,Trivial
58,29,3,4,1.093459198866307,1.393459198866307,2,0.9676300472524513,3,StrongMerger
59,0,0,3,1.0451585395897047,1.0451585395897047,0,0.3149815027092536,2,Trivial
60,2,1,3,1.0383738574671824,1.1383738574671824,2,0.40122000360058996,2,StrongMerger
61,0,0,4,1.1900850761556683,1.1900850761556683,0,0.15119160492010833,3,Trivial
62,0,0,3,1.0016277261245379,1.0016277261245379,0,0.6072643239020135,2,Trivial
63,0,0,2,0.48257756517701206,0.48257756517701206,0,2.235543455468576,1,Trivial
64,0,0,3,1.0662173875546272,1.0662173875546272,0,1.4241633906237614,2,Trivial
65,141,3,1,0.0,0.30000000000000004,0,3.249473538143995,0,Fragmented
66,58,5,1,0.0,0.5,0,2.5432542331138848,0,Fragmented
67,93,4,3,0.8305236914828464,1.2305236914828463,2,1.9805247945540818,2,StrongMerger
68,5,4,3,0.9810398994243299,1.38103989942433,2,1.7735503334670277,2,StrongMerger
69,21,3,4,1.1657904029778243,1.4657904029778244,2,1.0227190975482825,3,StrongMerger
70,39,5,1,0.0,0.5,0,1.8895724987399842,0,Fragmented
71,0,0,2,0.08048483706800685,0.08048483706800685,0,2.280852418305926,1,Trivial
72,10,3,2,0.3111291548118492,0.6111291548118493,2,3.1110753217304237,1,StrongMerger
73,15,4,6,1.705546983452387,2.105546983452387,2,0.17491227656310768,5,StrongMerger
74,35,4,4,1.248690003407575,1.6486900034075749,2,0.5254114420282173,3,StrongMerger
75,144,6,2,0.6887461892700277,1.2887461892700278,2,1.447948311126812,1,StrongMerger
76,88,4,2,0.6210863745552451,1.021086374555245,2,2.646614829110487,1,StrongMerger
77,215,11,1,0.0,1.1,0,7.621293064885564,0,Fragmented
78,0,0,1,0.0,0.0,0,7.751372746461232,0,Trivial
79,0,0,1,0.0,0.0,0,1.1941476288825967,0,Trivial
80,103,5,4,1.373113289509507,1.873113289509507,2,0.3015974738293022,3,StrongMerger
81,7,0,2,0.4333988732907457,0.4333988732907457,0,1.0597532546431156,1,Trivial
82,0,0,4,0.9323427896909693,0.9323427896909693,0,0.9508090114889658,3,Trivial
83,0,0,2,0.6530577442776866,0.6530577442776866,0,0.3979433657821244,1,Trivial
84,0,0,1,0.0,0.0,0,4.1396260901175,0,Trivial
85,23,2,2,0.18920898053816695,0.389208980538167,2,0.7026805599011484,1,StrongMerger
86,110,3,2,0.6434915530192904,0.9434915530192904,2,1.441208035618252,1,StrongMerger
87,0,0,1,0.0,0.0,0,3.4883820889770574,0,Trivial
88,73,2,1,0.0,0.2,0,3.36794494707171,0,Fragmented
89,2,1,4,1.0103035751006315,1.1103035751006316,2,5.28519552480548,3,StrongMerger
90,119,4,3,0.8578595336926983,1.2578595336926983,2,0.5880482448100439,2,StrongMerger
91,0,0,3,0.7376788886486527,0.7376788886486527,0,5.18343457596191,2,Trivial
92,70,3,5,1.5238698246584423,1.8238698246584424,2,1.395175308855057,4,StrongMerger
93,83,1,2,0.5788586438389152,0.6788586438389151,2,0.5642279489610066,1,StrongMerger
94,112,2,2,0.5623351446188083,0.7623351446188082,1,0.7939664317009935,1,WeakMerger
95,118,3,2,0.6808899872666533,0.9808899872666533,2,0.8851657732548612,1,StrongMerger
96,0,0,2,0.5623351446188083,0.5623351446188083,0,3.9658944550462967,1,Trivial
97,0,0,2,0.2337916587064593,0.2337916587064593,0,1.808699046608711,1,Trivial
98,11,4,2,0.5253213195155949,0.9253213195155949,2,2.824921974336378,1,StrongMerger
99,0,0,1,0.0,0.0,0,1.7722364062043539,0,Trivial
100,0,0,3,0.6099263025504231,0.6099263025504231,0,3.552505617333084,2,Trivial
101,237,7,2,0.6210863745552451,1.3210863745552452,2,2.7872377135126993,1,StrongMerger
102,40,5,5,1.4051969362611247,1.9051969362611247,2,0.5790617393738954,4,StrongMerger
103,56,3,2,0.45884684243710105,0.7588468424371011,2,1.7642862681609242,1,StrongMerger
104,9,2,4,1.1440185964264107,1.3440185964264106,2,0.705244233667147,3,StrongMerger
105,0,0,2,0.37677016125643675,0.37677016125643675,0,5.097992276253379,1,Trivial
106,114,5,2,0.6911927820032008,1.191192782003201,2,0.8208106515945969,1,StrongMerger
107,0,0,4,1.1731083867553787,1.1731083867553787,0,0.3102112847229173,3,Trivial
108,50,3,2,0.40609642111261135,0.7060964211126114,2,2.3761039715685195,1,StrongMerger
109,8,1,1,0.0,0.1,0,5.28538104603367,0,Fragmented
110,0,0,4,1.1645049461449821,1.1645049461449821,0,0.5878048853368361,3,Trivial
111,107,1,1,0.0,0.1,0,1.834845898329564,0,Fragmented
112,0,0,2,0.34520662539160074,0.34520662539160074,0,2.8239365908094483,1,Trivial
113,107,5,2,0.6853142072764582,1.1853142072764582,2,1.972473412731497,1,StrongMerger
114,49,3,3,1.000399593438329,1.300399593438329,2,0.2014061123225023,2,StrongMerger
115,0,0,1,0.0,0.0,0,0.5954594202489867,0,Trivial
116,0,0,4,1.1293666392549628,1.1293666392549628,0,0.3107815609176695,3,Trivial
117,18,5,5,1.343491157161567,1.843491157161567,2,0.3826422224510606,4,StrongMerger
118,389,8,1,0.0,0.8,0,9.147915562333583,0,Fragmented
119,44,3,2,0.4333988732907457,0.7333988732907457,2,3.2179794855680384,1,StrongMerger
120,74,5,2,0.6690268361602776,1.1690268361602776,2,2.097404979636376,1,StrongMerger
121,145,6,2,0.4333988732907457,1.0333988732907458,2,2.467440547389999,1,StrongMerger
122,0,0,1,0.0,0.0,0,8.47912775241366,0,Trivial
123,80,0,4,1.1014117933206766,1.1014117933206766,0,1.5057599690817591,3,Trivial
124,0,0,2,0.37677016125643675,0.37677016125643675,0,0.03434735274096604,1,Trivial
125,143,9,1,0.0,0.9,0,4.118704045607649,0,Fragmented
126,0,0,6,1.6574840232197996,1.6574840232197996,0,0.05921768241505746,5,Trivial
127,5,2,5,1.2238383233841579,1.4238383233841578,2,1.6798810443594216,4,StrongMerger
128,0,0,2,0.4333988732907457,0.4333988732907457,0,3.167273121498079,1,Trivial
129,0,0,2,0.6808899872666533,0.6808899872666533,0,1.952431420691363,1,Trivial
130,84,4,2,0.6434915530192904,1.0434915530192903,2,0.6391065334942568,1,StrongMerger
131,0,0,2,0.5623351446188083,0.5623351446188083,0,2.3805301744206306,1,Trivial
132,45,4,2,0.6690268361602776,1.0690268361602775,2,0.8478792072387251,1,StrongMerger
133,170,6,4,1.0389292069324854,1.6389292069324854,2,0.7976435010051545,3,StrongMerger
134,0,0,2,0.6530577442776866,0.6530577442776866,0,1.3857433128235819,1,Trivial
135,73,3,6,1.4950946028487306,1.7950946028487307,2,0.2508633510180978,5,StrongMerger
136,0,0,1,0.0,0.0,0,1.8100862218133835,0,Trivial
137,109,2,1,0.0,0.2,0,0.6492726296680106,0,Fragmented
138,0,0,2,0.48257756517701206,0.48257756517701206,0,3.9668201088323056,1,Trivial
139,0,0,2,0.2337916587064593,0.2337916587064593,0,0.96843090623153,1,Trivial
140,65,3,2,0.27416591535017265,0.5741659153501727,2,2.6748464927890256,1,StrongMerger
141,25,3,5,1.399434403287251,1.699434403287251,2,0.20209842981096462,4,StrongMerger
142,0,0,3,0.6300814285245757,0.6300814285245757,0,2.619394240961904,2,Trivial
143,0,0,2,0.6926588198060253,0.6926588198060253,0,3.278433361129413,1,Trivial
144,53,4,2,0.6808899872666533,1.0808899872666533,2,0.5267090170722016,1,StrongMerger
145,64,5,4,1.3016571733226514,1.8016571733226514,2,0.314003316270175,3,StrongMerger
146,14,2,2,0.6887461892700277,0.8887461892700277,2,1.7417472952067325,1,StrongMerger
147,103,2,4,1.3142335551151905,1.5142335551151904,2,0.407082613276979,3,StrongMerger
148,0,0,3,1.0239287996389363,1.0239287996389363,0,0.7595626579118406,2,Trivial
149,110,7,1,0.0,0.7000000000000001,0,2.4742599731389787,0,Fragmented
150,0,0,1,0.0,0.0,0,0.14194500339012406,0,Trivial
151,261,4,1,0.0,0.4,0,5.914296850214881,0,Fragmented
152,197,8,1,0.0,0.8,0,4.756082492418407,0,Fragmented
153,110,5,4,1.3085594993513896,1.8085594993513896,2,0.529174977654968,3,StrongMerger
154,0,0,2,0.6853142072764582,0.6853142072764582,0,2.1027365472328317,1,Trivial
155,0,0,2,0.48257756517701206,0.48257756517701206,0,2.94899934524603,1,Trivial
156,83,2,3,1.0441214183938043,1.2441214183938043,2,1.2956428054784608,2,StrongMerger
157,0,0,1,0.0,0.0,0,1.3403586758422024,0,Trivial
158,0,0,2,0.5941300227248385,0.5941300227248385,0,0.34668356967664954,1,Trivial
159,56,2,2,0.6754645824509031,0.8754645824509031,1,1.0896990994068783,1,WeakMerger
160,0,0,2,0.6690268361602776,0.6690268361602776,0,1.3059095988764189,1,Trivial
161,161,8,2,0.27416591535017265,1.0741659153501728,2,2.870783487745081,1,StrongMerger
162,23,3,3,0.8407728828014273,1.1407728828014272,2,1.0888808723063557,2,StrongMerger
163,0,0,3,1.0130227035447374,1.0130227035447374,0,0.4210762512112315,2,Trivial
164,0,0,1,0.0,0.0,0,2.7520113428419397,0,Trivial
165,0,0,2,0.6434915530192904,0.6434915530192904,0,0.31762059338220744,1,Trivial
166,38,0,3,0.9827157898414949,0.9827157898414949,0,0.3394249727114868,2,Trivial
167,60,2,4,0.9831072860024392,1.1831072860024392,2,1.4243624269186226,3,StrongMerger
168,0,0,3,0.8102550775177162,0.8102550775177162,0,1.6608762930533463,2,Trivial
169,161,6,1,0.0,0.6000000000000001,0,2.406644178290627,0,Fragmented
170,0,0,2,0.08048483706800685,0.08048483706800685,0,1.5446367187296184,1,Trivial
171,77,1,3,0.6922390496806912,0.7922390496806911,1,0.66618578037105,2,WeakMerger
172,0,0,1,0.0,0.0,0,9.255194132236028,0,Trivial
173,0,0,3,0.9960598208824665,0.9960598208824665,0,0.5410199244105487,2,Trivial
174,0,0,1,0.0,0.0,0,4.2382201643345345,0,Trivial
175,0,0,4,1.1302398760443997,1.1302398760443997,0,0.5461623159345229,3,Trivial
176,81,4,2,0.6615632381579821,1.0615632381579823,2,0.8538770632908007,1,StrongMerger
177,38,2,5,1.4912725254591712,1.6912725254591712,2,0.5939751368160177,4,StrongMerger
178,134,1,6,1.4498483098225534,1.5498483098225535,2,0.4460300701310981,5,StrongMerger
179,14,2,3,0.9810398994243299,1.1810398994243299,2,2.1178869556941424,2,StrongMerger
180,203,12,2,0.13906079845474112,1.3390607984547414,2,4.450677274116234,1,StrongMerger
181,164,7,2,0.6328428307500615,1.3328428307500615,2,1.4644975855634066,1,StrongMerger
182,115,7,4,1.3464545391861615,2.0464545391861617,2,0.4946125195071214,3,StrongMerger
183,81,5,2,0.6926588198060253,1.1926588198060253,2,1.8942876070199666,1,StrongMerger
184,145,6,1,0.0,0.6000000000000001,0,2.63625318835394,0,Fragmented
185,71,4,2,0.48257756517701206,0.882577565177012,2,10.352989834373574,1,StrongMerger
186,31,0,3,0.8412215843100143,0.8412215843100143,0,2.159707601205919,2,Trivial
187,0,0,1,0.0,0.0,0,2.179575982061592,0,Trivial
188,0,0,1,0.0,0.0,0,0.9844730631721262,0,Trivial
189,0,0,4,1.1981291773292155,1.1981291773292155,0,0.23198985561242136,3,Trivial
190,42,1,4,1.2854088133303356,1.3854088133303357,1,0.19584114390305501,3,WeakMerger
191,226,9,2,0.18920898053816695,1.089208980538167,2,3.5904750931338256,1,StrongMerger
192,120,5,3,0.8305236914828464,1.3305236914828464,2,1.0853219228126532,2,StrongMerger
193,11,1,4,1.3199111438709499,1.41991114387095,2,0.7801981679164927,3,StrongMerger
194,0,0,2,0.48257756517701206,0.48257756517701206,0,5.710112163778324,1,Trivial
195,0,0,2,0.5623351446188083,0.5623351446188083,0,4.650949519581749,1,Trivial
196,48,4,3,1.0291687240043512,1.4291687240043514,2,0.5302117803827919,2,StrongMerger
197,141,2,1,0.0,0.2,0,2.268424341624987,0,Fragmented
198,133,8,3,1.0861979723945263,1.8861979723945264,2,1.307429553252374,2,StrongMerger
199,0,0,4,1.1737116660826632,1.1737116660826632,0,0.39510442586583616,3,Trivial
200,66,5,5,1.3149578072719605,1.8149578072719605,2,0.4261599094573993,4,StrongMerger
201,97,4,3,1.0387435715615458,1.4387435715615458,2,1.2210032144706304,2,StrongMerger
202,152,3,1,0.0,0.30000000000000004,0,2.5854449163255397,0,Fragmented
203,0,0,4,1.3203626194737796,1.3203626194737796,0,0.31187192514060597,3,Trivial
204,0,0,2,0.2337916587064593,0.2337916587064593,0,10.976674785372852,1,Trivial
205,13,1,6,1.4141727194378382,1.5141727194378383,2,0.1644514334358208,5,StrongMerger
206,0,0,1,0.0,0.0,0,2.845907878849249,0,Trivial
207,108,4,1,0.0,0.4,0,1.5219663941273254,0,Fragmented
208,161,4,2,0.6887461892700277,1.0887461892700276,2,4.447694724151352,1,StrongMerger
209,40,2,2,0.5788586438389152,0.7788586438389151,2,3.4223617907391914,1,StrongMerger
210,23,7,2,0.5445089017353929,1.244508901735393,2,0.9949360211733792,1,StrongMerger
211,0,0,1,0.0,0.0,0,2.3509761880596676,0,Trivial
212,0,0,2,0.18920898053816695,0.18920898053816695,0,3.0311490318167404,1,Trivial
213,0,0,3,0.4956062260290694,0.4956062260290694,0,0.6507968669313303,2,Trivial
214,34,1,5,1.503126823112485,1.603126823112485,2,0.4144268128682816,4,StrongMerger
215,0,0,1,0.0,0.0,0,3.1955956282777653,0,Trivial
216,13,1,2,0.5941300227248385,0.6941300227248385,2,2.2181026718316903,1,StrongMerger
217,0,0,3,0.7626775797873158,0.7626775797873158,0,0.9761202912256169,2,Trivial
218,0,0,2,0.6690268361602776,0.6690268361602776,0,1.1660807037097654,1,Trivial
219,282,5,2,0.18920898053816695,0.6892089805381669,2,6.085917336753162,1,StrongMerger
220,10,1,5,1.4038134067803287,1.5038134067803288,2,2.842193466810947,4,StrongMerger
221,3,0,2,0.48257756517701206,0.48257756517701206,0,0.7865563651547312,1,Trivial
222,1,0,1,0.0,0.0,0,3.178505861264188,0,Trivial
223,0,0,3,1.073763865055576,1.073763865055576,0,0.7289259401168948,2,Trivial
224,79,1,3,1.0433534269422906,1.1433534269422907,2,0.9525526433467044,2,StrongMerger
225,160,6,2,0.5047041940481001,1.1047041940481002,2,2.8969677491376924,1,StrongMerger
226,19,2,3,1.0025590554959805,1.2025590554959804,2,1.1541157267500184,2,StrongMerger
227,0,0,2,0.2337916587064593,0.2337916587064593,0,1.1648217716148312,1,Trivial
228,53,9,3,0.829150039504599,1.729150039504599,2,2.2387699523864644,2,StrongMerger
229,172,7,1,0.0,0.7000000000000001,0,2.3784249047643087,0,Fragmented
230,0,0,1,0.0,0.0,0,4.3135139978484,0,Trivial
231,163,8,1,0.0,0.8,0,7.667986873673181,0,Fragmented
232,0,0,3,0.8644965328548823,0.8644965328548823,0,3.376161031490622,2,Trivial
233,11,5,2,0.40609642111261135,0.9060964211126113,2,2.054942792037047,1,StrongMerger
234,0,0,2,0.13906079845474112,0.13906079845474112,0,2.7999450334151406,1,Trivial
235,16,2,3,0.538556946260942,0.738556946260942,2,0.9734315553750054,2,StrongMerger
236,51,2,3,0.7616850993243827,0.9616850993243826,2,2.4404471515255475,2,StrongMerger
237,75,3,3,0.8487117579658698,1.1487117579658699,2,0.5594169784163903,2,StrongMerger
238,0,0,1,0.0,0.0,0,3.659268398493403,0,Trivial
239,0,0,3,0.8830379848613945,0.8830379848613945,0,0.31238529891027345,2,Trivial
240,51,4,2,0.4333988732907457,0.8333988732907458,2,3.113034060245515,1,StrongMerger
241,0,0,1,0.0,0.0,0,3.440661916802393,0,Trivial
242,88,2,5,1.5755858178961444,1.7755858178961443,2,0.7024171869656588,4,StrongMerger
243,209,10,2,0.40609642111261135,1.4060964211126112,2,3.1219636271771165,1,StrongMerger
244,0,0,2,0.08048483706800685,0.08048483706800685,0,11.87152990096799,1,Trivial
245,77,2,3,1.0433534269422904,1.2433534269422903,2,0.22949917440014886,2,StrongMerger
246,102,5,7,1.940151408583456,2.440151408583456,2,0.5965313108880885,6,StrongMerger
247,0,0,1,0.0,0.0,0,8.114590785655574,0,Trivial
248,0,0,3,1.0315319910566592,1.0315319910566592,0,2.155987006927752,2,Trivial
249,98,2,1,0.0,0.2,0,1.4383306211517364,0,Fragmented
250,72,2,3,0.9827157898414949,1.1827157898414948,2,0.6799674906273814,2,StrongMerger
251,0,0,2,0.6530577442776866,0.6530577442776866,0,2.8762463835428513,1,Trivial
252,174,3,3,0.8207506161412745,1.1207506161412746,2,2.0961581497034443,2,StrongMerger
253,0,0,3,1.0281499255352422,1.0281499255352422,0,1.1752704361888797,2,Trivial
254,135,4,3,1.056799444665715,1.456799444665715,2,1.298041653040215,2,StrongMerger
255,9,1,3,0.6207830592954231,0.7207830592954231,2,5.746596081052148,2,StrongMerger
256,108,5,5,1.4130537760544573,1.9130537760544573,2,0.5335681077892286,4,StrongMerger
257,26,3,4,1.251715516655292,1.551715516655292,2,0.5880881149165528,3,StrongMerger
258,0,0,1,0.0,0.0,0,2.1680554958795493,0,Trivial
259,171,4,2,0.6434915530192904,1.0434915530192903,2,1.07254390016481,1,StrongMerger
260,75,6,2,0.5445089017353929,1.144508901735393,2,2.4036384232462904,1,StrongMerger
261,7,0,4,1.1194375712744593,1.1194375712744593,0,0.552253405783623,3,Trivial
262,0,0,4,1.2475888142005556,1.2475888142005556,0,0.17315121151436366,3,Trivial
263,23,2,3,0.9387548872637547,1.1387548872637547,2,0.43549915626049573,2,StrongMerger
264,72,4,1,0.0,0.4,0,3.610794547301032,0,Fragmented
265,0,0,2,0.37677016125643675,0.37677016125643675,0,2.002231725929387,1,Trivial
266,15,2,2,0.6434915530192904,0.8434915530192904,2,1.5828484578778976,1,StrongMerger
267,239,6,2,0.27416591535017265,0.8741659153501727,2,5.858227353177868,1,StrongMerger
268,0,0,1,0.0,0.0,0,2.565187770870732,0,Trivial
269,21,1,3,0.6382837577939022,0.7382837577939022,2,0.35348948434447663,2,StrongMerger
270,52,2,6,1.4146688980831414,1.6146688980831414,2,2.6212149060055343,5,StrongMerger
271,0,0,2,0.37677016125643675,0.37677016125643675,0,0.20868459492648644,1,Trivial
272,27,1,3,0.8280535277004324,0.9280535277004324,2,0.6004888739577672,2,StrongMerger
273,0,0,1,0.0,0.0,0,3.2274268870247353,0,Trivial
274,0,0,2,0.6434915530192904,0.6434915530192904,0,0.0852066589003656,1,Trivial
275,0,0,1,0.0,0.0,0,3.4626377968049806,0,Trivial
276,128,8,4,1.2805362176937078,2.080536217693708,2,0.7158491479875316,3,StrongMerger
277,89,3,2,0.6081931982998787,0.9081931982998788,2,1.3568894364617867,1,StrongMerger
278,102,4,4,1.191368861604099,1.5913688616040988,2,0.7124943896727491,3,StrongMerger
279,91,3,2,0.5941300227248385,0.8941300227248385,2,1.13252257691508,1,StrongMerger
280,9,0,2,0.18920898053816695,0.18920898053816695,0,6.970416940363034,1,Trivial
281,136,6,2,0.13906079845474112,0.7390607984547413,2,2.183757418826967,1,StrongMerger
282,106,5,4,1.2726280088306896,1.7726280088306896,2,0.7652717906185266,3,StrongMerger
283,0,0,1,0.0,0.0,0,2.8460742632993585,0,Trivial
284,145,7,2,0.6911927820032008,1.3911927820032008,2,1.2273199719839265,1,StrongMerger
285,57,2,4,1.1247658944266843,1.3247658944266842,2,0.23267709533081737,3,StrongMerger
286,45,4,2,0.40609642111261135,0.8060964211126114,2,1.7040697464589822,1,StrongMerger
287,55,2,2,0.6911927820032008,0.8911927820032008,2,1.135048333778481,1,StrongMerger
288,82,0,4,0.6442697621096568,0.6442697621096568,0,1.1026301108721597,3,Trivial
289,69,4,2,0.6081931982998787,1.0081931982998786,2,2.8001529167247505,1,StrongMerger
290,0,0,2,0.27416591535017265,0.27416591535017265,0,5.966991510167261,1,Trivial
291,0,0,1,0.0,0.0,0,5.879955928562619,0,Trivial
292,76,6,2,0.6081931982998787,1.2081931982998788,2,3.727364152007566,1,StrongMerger
293,54,4,2,0.6615632381579821,1.0615632381579823,2,3.668647182319437,1,StrongMerger
294,7,4,3,0.9372606504622131,1.337260650462213,2,0.5142286914554715,2,StrongMerger
295,0,0,1,0.0,0.0,0,2.9909057004393484,0,Trivial
296,0,0,2,0.6328428307500615,0.6328428307500615,0,1.0212701211632447,1,Trivial
297,0,0,1,0.0,0.0,0,4.942633306851072,0,Trivial
298,121,3,2,0.6926588198060253,0.9926588198060253,2,1.2477020947976922,1,StrongMerger
299,0,0,2,0.5253213195155949,0.5253213195155949,0,6.893886626193085,1,Trivial
300,0,0,3,0.9624037646424741,0.9624037646424741,0,2.3918200625377835,2,Trivial
301,0,0,2,0.6931471805599453,0.6931471805599453,0,0.2353726397549495,1,Trivial
302,14,2,2,0.34520662539160074,0.5452066253916008,1,1.1229689339978584,1,WeakMerger
303,0,0,3,0.9119687210766132,0.9119687210766132,0,0.19750275075644422,2,Trivial
304,0,0,1,0.0,0.0,0,2.842159436965444,0,Trivial
305,0,0,2,0.45884684243710105,0.45884684243710105,0,1.77937438895617,1,Trivial
306,25,1,3,0.46341355882643,0.56341355882643,1,4.422431234996803,2,WeakMerger
307,0,0,4,0.8635676014998057,0.8635676014998057,0,0.7310074817868661,3,Trivial
308,12,3,2,0.6887461892700277,0.9887461892700278,2,2.031212202934477,1,StrongMerger
309,112,6,1,0.0,0.6000000000000001,0,3.4563741505365937,0,Fragmented
310,0,0,1,0.0,0.0,0,3.87685224289194,0,Trivial
311,0,0,3,0.7625160394559622,0.7625160394559622,0,2.6012745807656033,2,Trivial
312,35,2,3,0.7265151906889236,0.9265151906889235,2,0.9279890029426763,2,StrongMerger
313,0,0,1,0.0,0.0,0,1.3212875715843448,0,Trivial
314,0,0,2,0.08048483706800685,0.08048483706800685,0,4.45453938114653,1,Trivial
315,92,3,1,0.0,0.30000000000000004,0,0.9020222850816394,0,Fragmented
316,6,2,2,0.6690268361602776,0.8690268361602775,2,2.51907007616553,1,StrongMerger
317,100,4,2,0.6690268361602776,1.0690268361602775,2,0.9634889653697901,1,StrongMerger
318,5,4,3,0.9840865030829147,1.3840865030829148,2,0.8391678463112615,2,StrongMerger
319,126,7,5,1.4791238846567714,2.1791238846567715,2,0.8218079999974132,4,StrongMerger
320,62,3,3,1.0004907356379178,1.3004907356379178,2,1.490149998394315,2,StrongMerger
321,0,0,3,0.6769472652630829,0.6769472652630829,0,0.766042230822723,2,Trivial
322,13,2,3,0.5363593120000422,0.7363593120000422,2,0.9486410705763086,2,StrongMerger
323,22,0,2,0.6328428307500615,0.6328428307500615,0,0.5012241287624822,1,Trivial
324,102,7,3,1.0479292083955523,1.7479292083955524,2,1.089169763582972,2,StrongMerger
325,24,4,3,0.7173301347853036,1.1173301347853037,2,1.3248298682324706,2,StrongMerger
326,196,4,1,0.0,0.4,0,6.937562442648311,0,Fragmented
327,51,2,5,1.5597938466951629,1.7597938466951628,2,0.2907617196391271,4,StrongMerger
328,203,8,5,1.4478510918592,2.2478510918592,2,0.7278698301751226,4,StrongMerger
329,3,3,3,0.41064236164311324,0.7106423616431132,2,2.8385483694132976,2,StrongMerger
330,0,0,2,0.34520662539160074,0.34520662539160074,0,2.6384242238377364,1,Trivial
331,154,6,1,0.0,0.6000000000000001,0,7.192481323861279,0,Fragmented
332,5,1,3,0.7731496325577547,0.8731496325577547,2,5.07748061376435,2,StrongMerger
333,129,4,1,0.0,0.4,0,2.017746736650831,0,Fragmented
334,0,0,2,0.48257756517701206,0.48257756517701206,0,5.132350292721724,1,Trivial
335,0,0,1,0.0,0.0,0,6.445351256138459,0,Trivial
336,7,2,3,0.8789217965629486,1.0789217965629485,2,1.914701028665539,2,StrongMerger
337,21,2,2,0.4333988732907457,0.6333988732907457,2,5.75005691076787,1,StrongMerger
338,241,7,1,0.0,0.7000000000000001,0,2.7832643069269882,0,Fragmented
339,83,9,7,1.8727708724660896,2.7727708724660896,2,0.3375304520442059,6,StrongMerger
340,45,0,3,0.9874490763604049,0.9874490763604049,0,0.8998348467540047,2,Trivial
341,48,4,3,1.076320800076152,1.4763208000761519,2,1.1270725384329097,2,StrongMerger
342,0,0,4,0.9632535907685872,0.9632535907685872,0,0.3215896095602386,3,Trivial
343,0,0,1,0.0,0.0,0,0.870701078216002,0,Trivial
344,19,5,3,1.0182418068881995,1.5182418068881995,2,0.9185900420662483,2,StrongMerger
345,108,6,2,0.45884684243710105,1.0588468424371011,2,2.5406806291438198,1,StrongMerger
346,120,3,2,0.6328428307500615,0.9328428307500616,2,1.0048965828601195,1,StrongMerger
347,40,4,4,1.1047308943771676,1.5047308943771678,2,0.6649976638439489,3,StrongMerger
348,8,0,4,1.2050976497511126,1.2050976497511126,0,0.46576793952461903,3,Trivial
349,70,2,4,1.1666316238876666,1.3666316238876666,2,0.886324339345268,3,StrongMerger
350,16,6,3,1.076320800076152,1.676320800076152,2,0.8214329075760761,2,StrongMerger
351,3,1,3,0.874345039235218,0.974345039235218,2,3.5606012722863185,2,StrongMerger
352,0,0,1,0.0,0.0,0,2.4784616358392,0,Trivial
353,0,0,1,0.0,0.0,0,3.001829429404326,0,Trivial
354,28,3,2,0.5941300227248385,0.8941300227248385,2,1.1402870260758167,1,StrongMerger
355,47,4,2,0.3111291548118492,0.7111291548118492,2,10.720609592953364,1,StrongMerger
356,11,1,2,0.13906079845474112,0.23906079845474112,2,6.28853293197481,1,StrongMerger
357,0,0,3,1.0016277261245379,1.0016277261245379,0,0.9447812539975807,2,Trivial
358,29,2,2,0.6887461892700277,0.8887461892700277,2,1.9776325054147743,1,StrongMerger
359,0,0,3,0.4470620543337878,0.4470620543337878,0,1.9248485156496646,2,Trivial
360,0,0,2,0.6081931982998787,0.6081931982998787,0,1.9189003799317406,1,Trivial
361,0,0,1,0.0,0.0,0,5.053556317343532,0,Trivial
362,0,0,3,0.2689376052451349,0.2689376052451349,0,10.06973114905484,2,Trivial
363,122,4,3,0.6448981594894198,1.0448981594894198,2,0.9047204264301174,2,StrongMerger
364,0,0,1,0.0,0.0,0,1.4258480829059839,0,Trivial
365,8,1,4,1.2656556561374501,1.3656556561374502,2,2.1189509738859083,3,StrongMerger
366,155,5,3,0.7625160394559622,1.2625160394559622,2,2.4848182985920286,2,StrongMerger
367,303,11,2,0.27416591535017265,1.3741659153501726,2,6.185661855327495,1,StrongMerger
368,29,3,5,1.4483425483747667,1.7483425483747668,2,0.711422191246877,4,StrongMerger
369,0,0,2,0.6210863745552451,0.6210863745552451,0,3.7360171717795962,1,Trivial
370,0,0,2,0.6615632381579821,0.6615632381579821,0,1.2168166199507202,1,Trivial
371,0,0,3,0.9960598208824665,0.9960598208824665,0,0.4362520747151135,2,Trivial
372,0,0,2,0.08048483706800685,0.08048483706800685,0,4.310374946318693,1,Trivial
373,0,0,1,0.0,0.0,0,1.34401044223448,0,Trivial
374,0,0,4,1.21410359016056,1.21410359016056,0,0.21697447871321304,3,Trivial
375,0,0,3,0.9806428695122922,0.9806428695122922,0,0.24338296276138938,2,Trivial
376,26,2,2,0.5253213195155949,0.725321319515595,2,1.5881145401161587,1,StrongMerger
377,140,9,1,0.0,0.9,0,7.213254002453569,0,Fragmented
378,47,5,4,1.1621005315680046,1.6621005315680046,2,0.6860903682684983,3,StrongMerger
379,18,1,2,0.08048483706800685,0.18048483706800686,2,1.8632710416177827,1,StrongMerger
380,290,6,2,0.13906079845474112,0.7390607984547413,2,4.162921341138198,1,StrongMerger
381,56,4,6,1.5571165509553422,1.9571165509553423,2,0.38770374225047366,5,StrongMerger
382,0,0,1,0.0,0.0,0,1.7932796943123155,0,Trivial
383,139,7,2,0.6754645824509031,1.375464582450903,2,1.6064376838677015,1,StrongMerger
384,48,5,3,0.8064769418829218,1.3064769418829218,2,1.7650235312610378,2,StrongMerger
385,20,4,3,0.8416990422217969,1.2416990422217968,2,0.9754020271812257,2,StrongMerger
386,0,0,1,0.0,0.0,0,2.8609199108629397,0,Trivial
387,0,0,2,0.08048483706800685,0.08048483706800685,0,7.060280629038832,1,Trivial
388,29,2,3,0.8644965328548823,1.0644965328548823,2,2.8160657418258137,2,StrongMerger
389,0,0,2,0.6853142072764582,0.6853142072764582,0,0.6736951387168846,1,Trivial
390,1,0,4,1.1296387662521368,1.1296387662521368,0,0.4836473343495943,3,Trivial
391,80,0,3,0.893597481085981,0.893597481085981,0,1.2492355287301622,2,Trivial
392,328,5,1,0.0,0.5,0,6.657460952695633,0,Fragmented
393,14,3,4,1.2125113676843866,1.5125113676843867,2,0.6207920440788198,3,StrongMerger
394,0,0,2,0.45884684243710105,0.45884684243710105,0,2.807128592744521,1,Trivial
395,0,0,2,0.5941300227248385,0.5941300227248385,0,0.5462129080057261,1,Trivial
396,0,0,3,1.056799444665715,1.056799444665715,0,0.14114944863097673,2,Trivial
397,9,2,6,1.505929863098315,1.7059298630983148,2,0.4888448425257596,5,StrongMerger
398,0,0,1,0.0,0.0,0,6.5121644447424325,0,Trivial
399,424,8,2,0.37677016125643675,1.1767701612564367,2,6.877833052511861,1,StrongMerger
400,6,1,3,0.7625160394559622,0.8625160394559622,2,0.893320677643579,2,StrongMerger
401,116,3,4,1.1194375712744593,1.4194375712744594,2,1.4252172813597312,3,StrongMerger
402,0,0,3,0.7603044044898462,0.7603044044898462,0,0.5770734289788066,2,Trivial
403,161,4,1,0.0,0.4,0,2.7721357800016135,0,Fragmented
404,64,3,2,0.6210863745552451,0.9210863745552451,2,1.9368594956000813,1,StrongMerger
405,46,4,2,0.27416591535017265,0.6741659153501727,2,3.064298489282197,1,StrongMerger
406,0,0,2,0.6853142072764582,0.6853142072764582,0,2.645743861656298,1,Trivial
407,0,0,2,0.2337916587064593,0.2337916587064593,0,5.148309690987829,1,Trivial
408,0,0,2,0.40609642111261135,0.40609642111261135,0,2.6432351254805533,1,Trivial
409,76,4,3,0.9806428695122922,1.3806428695122923,2,1.209042141700562,2,StrongMerger
410,15,0,2,0.2337916587064593,0.2337916587064593,0,3.8601462545215877,1,Trivial
411,0,0,3,1.0387435715615458,1.0387435715615458,0,1.6965401699771512,2,Trivial
412,86,4,3,0.7208503627184868,1.1208503627184867,2,1.2711589071501967,2,StrongMerger
413,150,3,1,0.0,0.30000000000000004,0,3.919808775608062,0,Fragmented
414,150,3,2,0.6615632381579821,0.9615632381579822,2,1.4298498248436866,1,StrongMerger
415,24,2,3,0.9470571522825083,1.1470571522825084,2,3.5914560002095968,2,StrongMerger
416,137,4,2,0.6754645824509031,1.0754645824509033,2,2.1436515011253405,1,StrongMerger
417,0,0,1,0.0,0.0,0,9.592235841303994,0,Trivial
418,125,7,2,0.5941300227248385,1.2941300227248385,2,1.138823723424129,1,StrongMerger
419,86,3,2,0.6434915530192904,0.9434915530192904,2,0.44626533743823976,1,StrongMerger
420,111,6,3,0.9844658224486911,1.5844658224486912,2,0.5732110937500651,2,StrongMerger
421,0,0,2,0.2337916587064593,0.2337916587064593,0,0.993304241085504,1,Trivial
422,14,2,6,1.5438432337325023,1.7438432337325023,2,0.5851482076346,5,StrongMerger
423,65,3,1,0.0,0.30000000000000004,0,1.906902241392299,0,Fragmented
424,0,0,1,0.0,0.0,0,0.6443629725243893,0,Trivial
425,0,0,4,0.8856816389663218,0.8856816389663218,0,0.4559690731611243,3,Trivial
426,112,3,1,0.0,0.30000000000000004,0,1.9051898934600506,0,Fragmented
427,115,5,1,0.0,0.5,0,2.17635651264411,0,Fragmented
428,0,0,6,1.4982348948318966,1.4982348948318966,0,0.0898664541595836,5,Trivial
429,82,6,1,0.0,0.6000000000000001,0,4.154061043042,0,Fragmented
430,0,0,3,0.7477194465410024,0.7477194465410024,0,0.4078686246507275,2,Trivial
431,0,0,3,1.0532200380741075,1.0532200380741075,0,0.6358648206951744,2,Trivial
432,90,7,4,1.225097528851986,1.9250975288519863,2,0.5128009014548047,3,StrongMerger
433,0,0,2,0.6530577442776866,0.6530577442776866,0,1.0023727449146975,1,Trivial
434,73,6,2,0.5941300227248385,1.1941300227248386,2,4.233163503634219,1,StrongMerger
435,113,1,4,0.8326886502679653,0.9326886502679653,2,0.5875676861737681,3,StrongMerger
436,76,4,6,1.686873666290505,2.086873666290505,2,0.2534741430966463,5,StrongMerger
437,20,3,3,0.7416929319329894,1.0416929319329893,2,1.2011994391502898,2,StrongMerger
438,131,5,2,0.2337916587064593,0.7337916587064592,2,4.509441601979966,1,StrongMerger
439,0,0,2,0.18920898053816695,0.18920898053816695,0,1.0011305011039224,1,Trivial
440,18,0,4,1.302525675961028,1.302525675961028,0,0.1855194811767793,3,Trivial
441,31,6,2,0.34520662539160074,0.9452066253916008,2,9.728292076219102,1,StrongMerger
442,33,0,3,0.9694010705591207,0.9694010705591207,0,0.6012244889439594,2,Trivial
443,0,0,2,0.4333988732907457,0.4333988732907457,0,5.019753280395641,1,Trivial
444,0,0,2,0.6754645824509031,0.6754645824509031,0,3.019910057655276,1,Trivial
445,188,4,1,0.0,0.4,0,2.3532322993231847,0,Fragmented
446,0,0,4,1.149384226980831,1.149384226980831,0,0.13914798095521583,3,Trivial
447,94,4,4,0.9015663467033781,1.3015663467033782,2,1.3710847001233586,3,StrongMerger
448,0,0,1,0.0,0.0,0,1.8941436781912797,0,Trivial
449,149,10,2,0.34520662539160074,1.3452066253916009,2,2.279297821696092,1,StrongMerger
450,0,0,2,0.34520662539160074,0.34520662539160074,0,3.731069954085452,1,Trivial
451,0,0,1,0.0,0.0,0,3.345201291961916,0,Trivial
452,0,0,1,0.0,0.0,0,2.1006209392798088,0,Trivial
453,0,0,1,0.0,0.0,0,6.508533041782834,0,Trivial
454,0,0,3,1.000399593438329,1.000399593438329,0,0.41616821378640045,2,Trivial
455,2,1,1,0.0,0.1,0,1.6548244954667504,0,Fragmented
456,0,0,3,1.0717300941124526,1.0717300941124526,0,0.49535108034286096,2,Trivial
457,188,3,1,0.0,0.30000000000000004,0,5.473290378771301,0,Fragmented
458,156,6,3,0.8277277649373649,1.427727764937365,2,2.663428692771447,2,StrongMerger
459,24,3,4,0.8360302011207953,1.1360302011207954,2,1.2018364897811338,3,StrongMerger
460,0,0,1,0.0,0.0,0,2.8759242923929254,0,Trivial
461,0,0,1,0.0,0.0,0,1.2094784775212681,0,Trivial
462,153,6,1,0.0,0.6000000000000001,0,5.8814246060980455,0,Fragmented
463,68,1,3,0.6829795359130615,0.7829795359130615,2,0.23990137209938878,2,StrongMerger
464,32,6,3,1.015946053203231,1.615946053203231,2,1.0228040825046292,2,StrongMerger
465,0,0,4,1.1969090768805175,1.1969090768805175,0,0.27099037864175896,3,Trivial
466,29,2,4,1.179493377044861,1.379493377044861,2,0.5275670274119842,3,StrongMerger
467,0,0,4,0.8700333709125835,0.8700333709125835,0,0.7357296709538923,3,Trivial
468,20,1,4,1.1257768279148046,1.2257768279148047,1,0.3882867219295909,3,WeakMerger
469,45,3,4,0.8583232799429059,1.158323279942906,2,1.3565550115609446,3,StrongMerger
470,22,2,2,0.27416591535017265,0.47416591535017266,2,4.611135874850292,1,StrongMerger
471,0,0,2,0.34520662539160074,0.34520662539160074,0,1.3168913623107446,1,Trivial
472,0,0,3,1.015946053203231,1.015946053203231,0,2.4885380003912254,2,Trivial
473,127,2,1,0.0,0.2,0,2.659981207377721,0,Fragmented
474,65,4,2,0.13906079845474112,0.5390607984547411,2,0.24956316272594262,1,StrongMerger
475,36,2,6,1.655255550727004,1.8552555507270039,2,0.24959534124201674,5,StrongMerger
476,100,7,4,0.9314119868473864,1.6314119868473864,2,1.7240600385669775,3,StrongMerger
477,0,0,4,1.0970947073469164,1.0970947073469164,0,1.286995301360307,3,Trivial
478,87,3,2,0.5941300227248385,0.8941300227248385,2,0.5039593741356958,1,StrongMerger
479,0,0,5,1.5208141799037453,1.5208141799037453,0,0.10461886660219116,4,Trivial
480,0,0,1,0.0,0.0,0,4.051199259227,0,Trivial
481,137,6,2,0.6210863745552451,1.2210863745552452,2,1.3348275506384928,1,StrongMerger
482,0,0,4,1.0449127097958204,1.0449127097958204,0,1.129401594070688,3,Trivial
483,97,8,4,1.2411371518135494,2.0411371518135493,2,2.038064404096801,3,StrongMerger
484,0,0,2,0.6926588198060253,0.6926588198060253,0,1.3091362382976155,1,Trivial
485,12,2,6,1.521559884569615,1.721559884569615,2,0.24786193488023237,5,StrongMerger
486,37,5,4,1.2123138802671547,1.7123138802671547,2,0.3343209652661641,3,StrongMerger
487,33,3,3,0.829150039504599,1.129150039504599,2,1.9601939082686004,2,StrongMerger
488,0,0,3,0.21904558217698628,0.21904558217698628,0,1.439382546543285,2,Trivial
489,255,2,2,0.13906079845474112,0.33906079845474113,2,3.013509991490374,1,StrongMerger
490,6,1,3,0.5403395368689168,0.6403395368689168,2,1.7549068132694658,2,StrongMerger
491,193,8,2,0.2337916587064593,1.0337916587064593,2,7.996544423147507,1,StrongMerger
492,205,11,1,0.0,1.1,0,5.095279070218439,0,Fragmented
493,0,0,1,0.0,0.0,0,3.3743163156314457,0,Trivial
494,0,0,2,0.48257756517701206,0.48257756517701206,0,2.1151995489327433,1,Trivial
495,0,0,1,0.0,0.0,0,2.586646358662811,0,Trivial
496,7,2,3,0.6400420026635811,0.8400420026635811,2,1.0945053575370824,2,StrongMerger
497,76,3,1,0.0,0.30000000000000004,0,2.9519905098818056,0,Fragmented
498,0,0,2,0.5788586438389152,0.5788586438389152,0,2.9228187541452297,1,Trivial
499,21,2,2,0.34520662539160074,0.5452066253916008,2,5.0731629143448185,1,StrongMerger
500,116,5,2,0.13906079845474112,0.6390607984547412,2,1.8745383801059208,1,StrongMerger
501,0,0,3,1.020861437833038,1.020861437833038,0,1.0020292459016686,2,Trivial
502,0,0,2,0.5623351446188083,0.5623351446188083,0,1.122658784512546,1,Trivial
503,0,0,3,0.9782419693880586,0.9782419693880586,0,0.4624189536921912,2,Trivial
504,36,4,2,0.5941300227248385,0.9941300227248385,2,1.7069380649254764,1,StrongMerger
505,0,0,4,1.30722560173349,1.30722560173349,0,0.236854123846793,3,Trivial
506,0,0,3,0.8644965328548823,0.8644965328548823,0,0.9183255875981754,2,Trivial
507,63,3,6,1.7355235793885404,2.0355235793885402,2,0.17873442598584657,5,StrongMerger
508,173,8,1,0.0,0.8,0,8.922517416147466,0,Fragmented
509,3,0,2,0.6434915530192904,0.6434915530192904,0,0.8244371718233665,1,Trivial
510,75,4,2,0.6615632381579821,1.0615632381579823,2,0.3136368163828719,1,StrongMerger
511,65,4,2,0.40609642111261135,0.8060964211126114,2,4.811971698318048,1,StrongMerger
512,0,0,2,0.40609642111261135,0.40609642111261135,0,1.468308592624703,1,Trivial
513,0,0,2,0.6887461892700277,0.6887461892700277,0,1.1634202349518374,1,Trivial
514,18,2,4,0.8888491855050803,1.0888491855050804,2,1.848955068688863,3,StrongMerger
515,31,6,4,1.1053346834255449,1.705334683425545,2,0.2480782951614755,3,StrongMerger
516,19,1,4,0.7069870066110338,0.8069870066110337,2,0.9133396921579262,3,StrongMerger
517,146,4,1,0.0,0.4,0,5.9796166108601865,0,Fragmented
518,5,3,2,0.2337916587064593,0.5337916587064593,2,6.291327539816446,1,StrongMerger
519,75,5,2,0.6210863745552451,1.121086374555245,2,0.4739282487282977,1,StrongMerger
520,8,1,4,1.11746875150098,1.21746875150098,2,3.1296461138155602,3,StrongMerger
521,72,2,1,0.0,0.2,0,0.5617002909421096,0,Fragmented
522,0,0,4,1.2454401878808359,1.2454401878808359,0,0.6079580601040527,3,Trivial
523,30,2,3,1.0498260561123014,1.2498260561123014,2,0.21262148154075414,2,StrongMerger
524,0,0,2,0.6081931982998787,0.6081931982998787,0,3.287608365176794,1,Trivial
525,96,6,2,0.5623351446188083,1.1623351446188084,2,9.5817169521693,1,StrongMerger
526,0,0,2,0.5047041940481001,0.5047041940481001,0,0.6927398188943753,1,Trivial
527,159,6,2,0.5941300227248385,1.1941300227248386,2,1.5194103475400802,1,StrongMerger
528,121,2,2,0.6530577442776866,0.8530577442776865,2,4.926305502973085,1,StrongMerger
529,126,7,4,1.195285862260782,1.8952858622607822,2,1.221881690794909,3,StrongMerger
530,0,0,1,0.0,0.0,0,2.409292922736616,0,Trivial
531,0,0,5,1.3025639459676956,1.3025639459676956,0,0.6947097382157132,4,Trivial
532,70,3,2,0.6911927820032008,0.9911927820032008,2,0.30139982413600713,1,StrongMerger
533,70,5,2,0.5253213195155949,1.0253213195155948,2,3.8553944219426466,1,StrongMerger
534,37,3,3,0.9694010705591207,1.2694010705591208,2,0.7241030809698762,2,StrongMerger
535,0,0,2,0.5941300227248385,0.5941300227248385,0,0.2958142018148619,1,Trivial
536,0,0,2,0.6615632381579821,0.6615632381579821,0,0.4756760992874338,1,Trivial
537,104,3,2,0.6808899872666533,0.9808899872666533,2,3.3531182316064747,1,StrongMerger
538,162,5,3,0.21904558217698628,0.7190455821769863,2,5.271008019939378,2,StrongMerger
539,0,0,3,0.5919104328777565,0.5919104328777565,0,0.37737574035870436,2,Trivial
540,15,3,2,0.6808899872666533,0.9808899872666533,2,3.4082171959792453,1,StrongMerger
541,0,0,2,0.6434915530192904,0.6434915530192904,0,0.8630479435037032,1,Trivial
542,50,2,1,0.0,0.2,0,0.7108196375746781,0,Fragmented
543,38,6,2,0.40609642111261135,1.0060964211126113,2,6.893680044748434,1,StrongMerger
544,53,5,2,0.6808899872666533,1.1808899872666534,2,1.0937660697030744,1,StrongMerger
545,11,1,4,0.46322139812821145,0.5632213981282115,2,1.2355307391394361,3,StrongMerger
546,105,1,3,0.920189836291867,1.020189836291867,1,0.9990117045308148,2,WeakMerger
547,0,0,2,0.6853142072764582,0.6853142072764582,0,0.49022669356825166,1,Trivial
548,0,0,1,0.0,0.0,0,4.800325415678567,0,Trivial
549,7,2,4,1.3282621054230161,1.528262105423016,2,0.24298022940157663,3,StrongMerger
550,11,1,3,0.9556379946446711,1.0556379946446712,2,1.3942420145766357,2,StrongMerger
551,109,1,3,1.0327119369306486,1.1327119369306486,2,0.6304791557959195,2,StrongMerger
552,101,4,2,0.4333988732907457,0.8333988732907458,2,1.3919637587352227,1,StrongMerger
553,43,0,5,1.5968231974955691,1.5968231974955691,0,0.27133264363297493,4,Trivial
554,26,5,2,0.4333988732907457,0.9333988732907457,2,3.374724660630258,1,StrongMerger
555,0,0,2,0.5623351446188083,0.5623351446188083,0,1.7573362078748913,1,Trivial
556,0,0,3,0.9775354235914321,0.9775354235914321,0,0.29326401181250816,2,Trivial
557,52,3,5,1.4622774500492204,1.7622774500492204,2,0.8976445051082526,4,StrongMerger
558,0,0,2,0.6754645824509031,0.6754645824509031,0,0.827788043971239,1,Trivial
559,155,8,2,0.4333988732907457,1.2333988732907457,2,2.60332866450266,1,StrongMerger
560,0,0,1,0.0,0.0,0,3.4043265826345595,0,Trivial
561,71,2,3,0.9556379946446711,1.155637994644671,2,0.7348090290779522,2,StrongMerger
562,135,5,2,0.6887461892700277,1.1887461892700277,2,2.6423717374666937,1,StrongMerger
563,164,6,1,0.0,0.6000000000000001,0,4.669486967776199,0,Fragmented
564,0,0,5,1.21056938333244,1.21056938333244,0,1.5747987365641836,4,Trivial
565,0,0,3,1.0025590554959805,1.0025590554959805,0,1.8243923976650296,2,Trivial
566,4,1,1,0.0,0.1,0,1.958210624774398,0,Fragmented
567,108,3,1,0.0,0.30000000000000004,0,2.3637707307279747,0,Fragmented
568,0,0,2,0.6210863745552451,0.6210863745552451,0,0.9967585602702754,1,Trivial
569,0,0,1,0.0,0.0,0,6.273430195879757,0,Trivial
570,136,6,6,1.3938654235483674,1.9938654235483675,2,0.48838224089511695,5,StrongMerger
571,249,8,4,0.9555384126112657,1.7555384126112656,2,2.638150028996998,3,StrongMerger
572,112,1,2,0.6081931982998787,0.7081931982998787,1,3.8213577764123734,1,WeakMerger
573,20,5,3,0.7416929319329894,1.2416929319329895,2,0.6719702450550428,2,StrongMerger
574,43,2,1,0.0,0.2,0,2.9018199294133944,0,Fragmented
575,21,2,3,0.9313358330471869,1.131335833047187,2,2.295199069109706,2,StrongMerger
576,0,0,2,0.6887461892700277,0.6887461892700277,0,1.7131845364916227,1,Trivial
577,0,0,3,0.9066573164983768,0.9066573164983768,0,1.21596445387674,2,Trivial
578,37,9,2,0.6690268361602776,1.5690268361602775,2,1.0304090965629196,1,StrongMerger
579,3,0,2,0.37677016125643675,0.37677016125643675,0,2.890380044315859,1,Trivial
580,0,0,3,0.5385569462609421,0.5385569462609421,0,2.425295430893774,2,Trivial
581,54,6,2,0.13906079845474112,0.7390607984547413,2,3.33554757852248,1,StrongMerger
582,32,2,4,0.9314119868473865,1.1314119868473864,2,0.7692668093847218,3,StrongMerger
583,32,1,2,0.5623351446188083,0.6623351446188083,2,0.6629434407613396,1,StrongMerger
584,0,0,2,0.40609642111261135,0.40609642111261135,0,2.3990361825838367,1,Trivial
585,26,2,4,0.7827182099158492,0.9827182099158491,2,1.1699043301039447,3,StrongMerger
586,224,7,2,0.6926588198060253,1.3926588198060252,2,2.035794367706901,1,StrongMerger
587,0,0,4,1.234244945579329,1.234244945579329,0,0.761617722696779,3,Trivial
588,0,0,2,0.4333988732907457,0.4333988732907457,0,2.3464591558610697,1,Trivial
589,108,4,2,0.48257756517701206,0.882577565177012,2,0.8910109834314975,1,StrongMerger
590,107,2,4,1.3162258149648436,1.5162258149648435,2,0.4370306735026704,3,StrongMerger
591,196,7,2,0.5047041940481001,1.2047041940481003,2,2.381764730494689,1,StrongMerger
592,27,2,4,1.1340157382872007,1.3340157382872007,2,0.646709297234409,3,StrongMerger
593,0,0,2,0.5253213195155949,0.5253213195155949,0,2.5345117023314616,1,Trivial
594,0,0,2,0.6615632381579821,0.6615632381579821,0,0.3827783264991684,1,Trivial
595,125,2,2,0.5623351446188083,0.7623351446188082,2,1.6228709393864547,1,StrongMerger
596,14,5,2,0.5788586438389152,1.0788586438389152,2,1.307927093241586,1,StrongMerger
597,0,0,1,0.0,0.0,0,0.6949279442606618,0,Trivial
598,125,6,1,0.0,0.6000000000000001,0,2.2921168046758607,0,Fragmented
599,0,0,2,0.5047041940481001,0.5047041940481001,0,1.3277965641795164,1,Trivial
600,190,8,1,0.0,0.8,0,2.7232373576930495,0,Fragmented
601,0,0,2,0.5788586438389152,0.5788586438389152,0,2.159517713773806,1,Trivial
602,0,0,3,1.0612039759627614,1.0612039759627614,0,1.2779854796460446,2,Trivial
603,57,0,2,0.6210863745552451,0.6210863745552451,0,0.4344219173258244,1,Trivial
604,95,4,4,1.181053615375717,1.5810536153757169,2,0.5224706242681616,3,StrongMerger
605,62,2,3,0.6617907197521558,0.8617907197521557,2,0.6998683228507941,2,StrongMerger
606,0,0,2,0.3111291548118492,0.3111291548118492,0,1.814538242821664,1,Trivial
607,149,6,2,0.13906079845474112,0.7390607984547413,2,3.877503564124377,1,StrongMerger
608,0,0,3,0.49560622602906945,0.49560622602906945,0,0.37448541838004834,2,Trivial
609,109,5,3,0.8085295996233987,1.3085295996233985,2,0.7293573744707722,2,StrongMerger
610,0,0,1,0.0,0.0,0,5.733877995600144,0,Trivial
611,0,0,2,0.5445089017353929,0.5445089017353929,0,1.1777718822872152,1,Trivial
612,19,3,4,1.1355542587347913,1.4355542587347914,2,0.5993961288477576,3,StrongMerger
613,11,0,1,0.0,0.0,0,1.2008308797843426,0,Trivial
614,148,5,1,0.0,0.5,0,3.228158884757683,0,Fragmented
615,0,0,1,0.0,0.0,0,3.0623927564542868,0,Trivial
616,1,0,2,0.6926588198060253,0.6926588198060253,0,1.1433094882848245,1,Trivial
617,165,7,2,0.5445089017353929,1.244508901735393,2,2.275879341132431,1,StrongMerger
618,27,5,2,0.4333988732907457,0.9333988732907457,2,0.6453171028965979,1,StrongMerger
619,135,5,1,0.0,0.5,0,1.4386874070248084,0,Fragmented
620,101,1,2,0.6887461892700277,0.7887461892700277,1,0.7244841947522916,1,WeakMerger
621,151,8,3,0.7176067382576196,1.5176067382576197,2,1.6484477354344038,2,StrongMerger
622,4,3,4,0.991085190125025,1.291085190125025,2,1.2845619477332553,3,StrongMerger
623,3,0,6,1.5215837052411851,1.5215837052411851,0,0.3382463217870419,5,Trivial
624,68,5,3,0.7176067382576196,1.2176067382576194,2,2.36970262840552,2,StrongMerger
625,10,3,4,1.3246609197311587,1.6246609197311588,2,1.9579676244380524,3,StrongMerger
626,170,4,3,1.020861437833038,1.4208614378330382,1,2.1530984459865583,2,WeakMerger
627,114,9,3,0.8342828603576514,1.7342828603576514,2,3.8853356910630823,2,StrongMerger
628,24,5,3,0.9832739442463889,1.483273944246389,2,2.1091814120034043,2,StrongMerger
629,18,3,2,0.5253213195155949,0.825321319515595,2,0.8870171742933797,1,StrongMerger
630,22,2,5,1.2351896377911147,1.4351896377911146,2,0.4714115566645007,4,StrongMerger
631,117,3,2,0.6328428307500615,0.9328428307500616,2,1.070212574205271,1,StrongMerger
632,149,5,7,1.7117367458534045,2.2117367458534045,2,0.7397743763620995,6,StrongMerger
633,44,4,4,1.1293666392549628,1.5293666392549627,2,0.5311883425986311,3,StrongMerger
634,24,3,2,0.5445089017353929,0.844508901735393,2,1.9616306661550538,1,StrongMerger
635,9,2,5,1.489722061752916,1.689722061752916,2,0.16570687626341987,4,StrongMerger
636,0,0,3,0.7625160394559622,0.7625160394559622,0,1.6296914649102614,2,Trivial
637,55,2,2,0.3111291548118492,0.5111291548118493,1,0.7371527776933015,1,WeakMerger
638,0,0,2,0.45884684243710105,0.45884684243710105,0,0.6209021272447152,1,Trivial
639,117,2,2,0.6328428307500615,0.8328428307500615,2,4.273752144799055,1,StrongMerger
640,0,0,2,0.6808899872666533,0.6808899872666533,0,0.6222519575694655,1,Trivial
641,147,9,1,0.0,0.9,0,6.794039551432629,0,Fragmented
642,27,1,3,1.0358042841981745,1.1358042841981746,1,0.15310469665391951,2,WeakMerger
643,23,6,3,0.9972335263202002,1.5972335263202004,2,0.7122482987569599,2,StrongMerger
644,81,2,3,0.7527225026325336,0.9527225026325337,2,0.5599804614118568,2,StrongMerger
645,0,0,1,0.0,0.0,0,6.451779555006635,0,Trivial
646,31,1,4,1.323238502140029,1.4232385021400291,2,1.2256957348142918,3,StrongMerger
647,35,1,3,0.9242683185015674,1.0242683185015675,2,5.183803891859257,2,StrongMerger
648,170,6,1,0.0,0.6000000000000001,0,2.9178513328429903,0,Fragmented
649,46,1,4,1.19858688087283,1.29858688087283,2,0.5795747001712623,3,StrongMerger
650,115,9,3,0.9600386523501672,1.860038652350167,2,1.0569169302654,2,StrongMerger
651,10,4,4,0.9944218262260733,1.3944218262260732,2,1.6748210656078903,3,StrongMerger
652,40,1,6,1.5839664977291545,1.6839664977291546,2,0.556073558836247,5,StrongMerger
653,0,0,2,0.45884684243710105,0.45884684243710105,0,0.9068079341495404,1,Trivial
654,102,7,3,1.030641609473931,1.7306416094739312,2,1.4056490873412035,2,StrongMerger
655,12,3,2,0.45884684243710105,0.7588468424371011,2,6.466995160895687,1,StrongMerger
656,21,4,5,1.372615052159992,1.772615052159992,2,0.532228519611516,4,StrongMerger
657,71,3,4,0.9464318575213617,1.2464318575213618,2,1.8225145501731024,3,StrongMerger
658,199,7,2,0.5623351446188083,1.2623351446188082,2,4.842661314101637,1,StrongMerger
659,0,0,2,0.6931471805599453,0.6931471805599453,0,0.5280949559966539,1,Trivial
660,65,2,3,1.0261302866102477,1.2261302866102477,2,1.1174767627723783,2,StrongMerger
661,125,3,3,1.0361059705283655,1.3361059705283655,2,1.1365064817277049,2,StrongMerger
662,97,5,3,1.0612039759627614,1.5612039759627614,2,1.5929255273719578,2,StrongMerger
663,0,0,2,0.6754645824509031,0.6754645824509031,0,1.5843754246335326,1,Trivial
664,13,2,3,0.5880154047930386,0.7880154047930386,2,1.855752450315602,2,StrongMerger
665,0,0,4,1.3328692955605939,1.3328692955605939,0,1.3565571400536038,3,Trivial
666,86,7,2,0.18920898053816695,0.889208980538167,2,1.8811536191297793,1,StrongMerger
667,85,3,2,0.45884684243710105,0.7588468424371011,2,2.954097022436729,1,StrongMerger
668,0,0,1,0.0,0.0,0,2.1488588981417402,0,Trivial
669,112,3,2,0.5623351446188083,0.8623351446188083,2,1.4042923560530922,1,StrongMerger
670,0,0,2,0.13906079845474112,0.13906079845474112,0,1.5727375192948738,1,Trivial
671,24,1,2,0.27416591535017265,0.37416591535017263,1,0.9964214266898941,1,WeakMerger
672,107,2,3,1.0969145891465133,1.2969145891465133,2,0.6097837885030514,2,StrongMerger
673,12,6,1,0.0,0.6000000000000001,0,1.5475790526958333,0,Fragmented
674,0,0,2,0.40609642111261135,0.40609642111261135,0,7.1903047932599335,1,Trivial
675,80,5,3,0.6448981594894196,1.1448981594894196,2,0.7489954464684685,2,StrongMerger
676,144,4,3,1.003690367837568,1.403690367837568,2,1.273278151065856,2,StrongMerger
677,131,1,1,0.0,0.1,0,2.3221870828014617,0,Fragmented
678,0,0,3,0.85990958483552,0.85990958483552,0,1.5421150140895508,2,Trivial
679,79,3,2,0.5788586438389152,0.8788586438389152,2,1.4380717728726584,1,StrongMerger
680,123,3,3,0.7080903763324851,1.008090376332485,1,2.067757765590958,2,WeakMerger
681,83,7,2,0.45884684243710105,1.158846842437101,2,1.3907430742458224,1,StrongMerger
682,0,0,2,0.6926588198060253,0.6926588198060253,0,1.4018733819512652,1,Trivial
683,20,1,2,0.6210863745552451,0.721086374555245,2,1.0458428179522161,1,StrongMerger
684,0,0,2,0.5788586438389152,0.5788586438389152,0,2.4651968013903205,1,Trivial
685,35,1,2,0.6911927820032008,0.7911927820032008,2,3.7187954506427983,1,StrongMerger
686,41,2,5,1.3456342652946096,1.5456342652946096,2,0.34587568699973514,4,StrongMerger
687,0,0,3,1.0403389297122625,1.0403389297122625,0,0.7781071007648199,2,Trivial
688,106,7,2,0.6434915530192904,1.3434915530192906,2,0.7090134312374438,1,StrongMerger
689,0,0,2,0.27416591535017265,0.27416591535017265,0,1.7523216621706674,1,Trivial
690,0,0,1,0.0,0.0,0,5.576103336487714,0,Trivial
691,0,0,3,1.0387435715615458,1.0387435715615458,0,1.2989903073794697,2,Trivial
692,97,8,2,0.6615632381579821,1.4615632381579822,2,2.3503609702646435,1,StrongMerger
693,0,0,3,0.31325985468909356,0.31325985468909356,0,0.7879803316349069,2,Trivial
694,46,4,4,1.2885250470928489,1.688525047092849,2,0.6163693130714288,3,StrongMerger
695,90,2,3,1.079713275513541,1.279713275513541,2,0.3213992122771827,2,StrongMerger
696,0,0,2,0.4333988732907457,0.4333988732907457,0,1.5308778742665154,1,Trivial
697,1,0,2,0.5253213195155949,0.5253213195155949,0,1.4886439349447789,1,Trivial
698,0,0,1,0.0,0.0,0,1.5487703369450994,0,Trivial
699,82,1,3,0.9874490763604049,1.087449076360405,2,1.087692033461763,2,StrongMerger
700,0,0,2,0.13906079845474112,0.13906079845474112,0,1.9223321085662706,1,Trivial
701,94,5,2,0.6615632381579821,1.1615632381579821,2,1.0940143379336844,1,StrongMerger
702,0,0,1,0.0,0.0,0,2.739186539131675,0,Trivial
703,0,0,1,0.0,0.0,0,3.7593953857152145,0,Trivial
704,2,1,2,0.08048483706800685,0.18048483706800686,2,3.5631497132923036,1,StrongMerger
705,0,0,1,0.0,0.0,0,2.1204950039002957,0,Trivial
706,103,5,2,0.6434915530192904,1.1434915530192904,2,0.445951413822216,1,StrongMerger
707,14,3,3,1.0148929570695906,1.3148929570695906,2,1.4450760270864225,2,StrongMerger
708,15,5,1,0.0,0.5,0,2.7944395996493907,0,Fragmented
709,58,2,1,0.0,0.2,0,1.3843274049010454,0,Fragmented
710,30,1,2,0.6887461892700277,0.7887461892700277,2,2.2571594342805974,1,StrongMerger
711,91,0,2,0.48257756517701206,0.48257756517701206,0,0.8625802192060508,1,Trivial
712,112,2,1,0.0,0.2,0,1.5470842228100397,0,Fragmented
713,24,4,3,1.0182418068881995,1.4182418068881995,2,0.5727931351165378,2,StrongMerger
714,60,1,2,0.34520662539160074,0.4452066253916007,2,2.7999081779331605,1,StrongMerger
715,79,5,4,0.9619965414741967,1.4619965414741967,2,0.3477143326867742,3,StrongMerger
716,0,0,4,1.2002327321808315,1.2002327321808315,0,0.25182751208869264,3,Trivial
717,16,3,2,0.6615632381579821,0.9615632381579822,2,2.2943464527590978,1,StrongMerger
718,12,2,4,1.3228354464727916,1.5228354464727916,2,0.5488644966415219,3,StrongMerger
719,26,3,4,1.04384515209672,1.34384515209672,2,0.6364585071336579,3,StrongMerger
720,146,6,2,0.5623351446188083,1.1623351446188084,2,1.5180618528122325,1,StrongMerger
721,26,5,3,0.8277277649373649,1.3277277649373649,2,0.6735417652445637,2,StrongMerger
722,6,3,4,0.9944485915826461,1.294448591582646,2,0.7106813039446531,3,StrongMerger
723,62,2,2,0.6081931982998787,0.8081931982998787,2,3.400402885657614,1,StrongMerger
724,132,2,2,0.6615632381579821,0.8615632381579821,2,1.0460782950877263,1,StrongMerger
725,23,4,1,0.0,0.4,0,1.6169436285421475,0,Fragmented
726,36,1,3,1.0256153268437784,1.1256153268437785,2,1.9015966105743893,2,StrongMerger
727,80,1,1,0.0,0.1,0,3.7954330628430677,0,Fragmented
728,180,6,2,0.08048483706800685,0.680484837068007,2,1.8550373089548273,1,StrongMerger
729,0,0,2,0.34520662539160074,0.34520662539160074,0,1.164142779570777,1,Trivial
730,16,2,3,1.0495259788207552,1.2495259788207551,2,2.086359156864075,2,StrongMerger
731,154,5,2,0.34520662539160074,0.8452066253916007,2,2.824438094910233,1,StrongMerger
732,115,5,5,1.4730678114694453,1.9730678114694453,2,0.39204050731105256,4,StrongMerger
733,117,9,3,0.9556379946446711,1.8556379946446713,2,2.303304046688562,2,StrongMerger
734,0,0,1,0.0,0.0,0,5.457475215778939,0,Trivial
735,67,5,3,0.6365419799918505,1.1365419799918506,2,1.3052189444143216,2,StrongMerger
736,0,0,4,1.166217280400878,1.166217280400878,0,0.28697386633416405,3,Trivial
737,33,1,4,1.3254361443472131,1.4254361443472132,1,0.17755444955925487,3,WeakMerger
738,13,0,3,1.0148929570695904,1.0148929570695904,0,0.5570390525840727,2,Trivial
739,0,0,4,0.9984739154939537,0.9984739154939537,0,2.2110370003500357,3,Trivial
740,136,5,3,0.7022460111906874,1.2022460111906874,2,1.539458585295953,2,StrongMerger
741,120,3,4,1.241959711155049,1.5419597111550492,2,0.5940246027120715,3,StrongMerger
742,0,0,2,0.6911927820032008,0.6911927820032008,0,1.7619632993343557,1,Trivial
743,71,1,6,1.6512300464446372,1.7512300464446373,2,0.6784502539940326,5,StrongMerger
744,39,4,1,0.0,0.4,0,0.5219313612049669,0,Fragmented
745,108,4,2,0.6808899872666533,1.0808899872666533,2,2.1279579992245123,1,StrongMerger
746,119,3,2,0.48257756517701206,0.7825775651770122,2,1.9338803154361286,1,StrongMerger
747,0,0,2,0.6911927820032008,0.6911927820032008,0,2.5304576975576563,1,Trivial
748,33,3,2,0.18920898053816695,0.48920898053816697,2,5.952028759072534,1,StrongMerger
749,0,0,1,0.0,0.0,0,6.440219738804112,0,Trivial
750,0,0,2,0.6081931982998787,0.6081931982998787,0,1.1442701003315474,1,Trivial
751,88,7,1,0.0,0.7000000000000001,0,4.211379254859396,0,Fragmented
752,92,5,2,0.5047041940481001,1.0047041940481,2,0.5781498057147522,1,StrongMerger
753,0,0,2,0.5253213195155949,0.5253213195155949,0,2.3846679564592437,1,Trivial
754,150,4,4,1.040839837423239,1.4408398374232392,2,1.0731309081649492,3,StrongMerger
755,0,0,3,0.35336926814306524,0.35336926814306524,0,2.4315247785410454,2,Trivial
756,82,1,4,1.2100188611789986,1.3100188611789987,1,0.36861463341541206,3,WeakMerger
757,0,0,2,0.5253213195155949,0.5253213195155949,0,5.360274782517452,1,Trivial
758,0,0,2,0.27416591535017265,0.27416591535017265,0,1.7453727811762818,1,Trivial
759,0,0,2,0.5047041940481001,0.5047041940481001,0,0.7380133207056516,1,Trivial
760,0,0,2,0.6887461892700277,0.6887461892700277,0,0.202737505023844,1,Trivial
761,191,7,3,0.6804265200365103,1.3804265200365102,2,1.509421114330651,2,StrongMerger
762,15,2,2,0.6926588198060253,0.8926588198060252,2,1.4320693642303899,1,StrongMerger
763,22,0,3,1.0327119369306486,1.0327119369306486,0,0.7192845457801698,2,Trivial
764,124,1,3,0.9458518982548731,1.0458518982548732,1,0.5957789883255039,2,WeakMerger
765,0,0,1,0.0,0.0,0,1.9551993097219786,0,Trivial
766,129,5,3,0.7603044044898462,1.2603044044898462,2,2.416628926173823,2,StrongMerger
767,114,9,4,1.3564719295690835,2.2564719295690834,2,0.5871907202501975,3,StrongMerger
768,14,1,3,0.8830379848613945,0.9830379848613945,2,1.6317032852887667,2,StrongMerger
769,121,5,2,0.6530577442776866,1.1530577442776866,2,0.5358558481204159,1,StrongMerger
770,18,3,3,0.9372606504622132,1.2372606504622132,2,0.8315035887625135,2,StrongMerger
771,0,0,1,0.0,0.0,0,7.699840164192689,0,Trivial
772,82,4,2,0.6615632381579821,1.0615632381579823,2,1.2536657542033254,1,StrongMerger
773,21,2,4,1.2203898044829409,1.4203898044829408,2,1.6755140429517772,3,StrongMerger
774,0,0,1,0.0,0.0,0,2.961366311120191,0,Trivial
775,101,2,1,0.0,0.2,0,1.6050878917928508,0,Fragmented
776,0,0,4,1.1324457370367136,1.1324457370367136,0,1.0811396875262584,3,Trivial
777,144,6,1,0.0,0.6000000000000001,0,5.661788060223259,0,Fragmented
778,22,2,3,0.9558525133335425,1.1558525133335424,2,1.419166381588398,2,StrongMerger
779,30,3,4,1.0715846030876515,1.3715846030876515,2,1.3045585806059674,3,StrongMerger
780,159,4,2,0.6081931982998787,1.0081931982998786,2,3.1251059468504385,1,StrongMerger
781,88,5,2,0.13906079845474112,0.6390607984547412,2,2.3028062888301393,1,StrongMerger
782,58,2,2,0.34520662539160074,0.5452066253916008,2,2.894152029760732,1,StrongMerger
783,0,0,3,0.8024600849945742,0.8024600849945742,0,2.3434336567189558,2,Trivial
784,10,0,2,0.6210863745552451,0.6210863745552451,0,0.7047574367153294,1,Trivial
785,31,2,2,0.37677016125643675,0.5767701612564368,2,4.3792704419363755,1,StrongMerger
786,24,2,4,1.2611760604489306,1.4611760604489306,2,1.6984424546111478,3,StrongMerger
787,70,2,3,0.6400420026635811,0.8400420026635811,2,1.4931526907081982,2,StrongMerger
788,182,6,2,0.6615632381579821,1.2615632381579822,2,2.08237542813108,1,StrongMerger
789,15,3,3,0.9513922630451135,1.2513922630451135,2,0.728894673331579,2,StrongMerger
790,0,0,1,0.0,0.0,0,8.106596024931033,0,Trivial
791,77,6,2,0.5623351446188083,1.1623351446188084,2,0.502505418991332,1,StrongMerger
792,24,2,2,0.27416591535017265,0.47416591535017266,2,2.1416542201690194,1,StrongMerger
793,136,8,6,1.551978668441439,2.351978668441439,2,0.8729935197381743,5,StrongMerger
794,0,0,2,0.6690268361602776,0.6690268361602776,0,4.337455755420399,1,Trivial
795,0,0,4,1.1357374020538098,1.1357374020538098,0,1.5864790388561667,3,Trivial
796,1,1,1,0.0,0.1,0,1.7003871810735804,0,Fragmented
797,12,5,3,0.9119687210766132,1.4119687210766132,2,0.7814657517786574,2,StrongMerger
798,0,0,3,0.7397736046096834,0.7397736046096834,0,1.5823969046492792,2,Trivial
799,0,0,4,0.738064877312186,0.738064877312186,0,3.292904402663133,3,Trivial
800,48,1,4,1.114163935747006,1.214163935747006,1,0.3164958705343694,3,WeakMerger
801,0,0,4,1.3014042313193432,1.3014042313193432,0,0.1496333132432891,3,Trivial
802,0,0,3,0.6956604201424375,0.6956604201424375,0,0.8738717000032223,2,Trivial
803,0,0,2,0.18920898053816695,0.18920898053816695,0,0.42974104070954433,1,Trivial
804,158,5,4,1.1079202681753082,1.6079202681753082,2,1.5171377437382851,3,StrongMerger
805,0,0,1,0.0,0.0,0,3.0463475052466884,0,Trivial
806,127,4,2,0.13906079845474112,0.5390607984547411,2,1.1884479781442303,1,StrongMerger
807,13,3,5,1.3348342200534367,1.6348342200534367,2,1.5391317763049477,4,StrongMerger
808,91,5,2,0.6887461892700277,1.1887461892700277,2,2.4505777253970757,1,StrongMerger
809,0,0,1,0.0,0.0,0,2.77962060730504,0,Trivial
810,67,8,3,0.9630280186054356,1.7630280186054357,2,0.7026290668883216,2,StrongMerger
811,0,0,2,0.3111291548118492,0.3111291548118492,0,2.0370058780845923,1,Trivial
812,148,7,2,0.2337916587064593,0.9337916587064594,2,1.9530787510180243,1,StrongMerger
813,0,0,2,0.40609642111261135,0.40609642111261135,0,5.243303175101741,1,Trivial
814,122,9,2,0.4333988732907457,1.3333988732907458,2,2.3863070462287927,1,StrongMerger
815,0,0,1,0.0,0.0,0,4.555546813017485,0,Trivial
816,0,0,1,0.0,0.0,0,5.709210818805779,0,Trivial
817,36,2,2,0.37677016125643675,0.5767701612564368,2,0.7912384682911823,1,StrongMerger
818,63,1,3,0.9522287851265798,1.05222878512658,1,1.5057930445879162,2,WeakMerger
819,0,0,3,1.0315319910566592,1.0315319910566592,0,0.2521677475375271,2,Trivial
820,267,6,1,0.0,0.6000000000000001,0,9.568666235725015,0,Fragmented
821,0,0,3,0.7588180950206032,0.7588180950206032,0,1.3764895425015655,2,Trivial
822,4,0,4,1.110661418436167,1.110661418436167,0,0.6524638206047869,3,Trivial
823,128,8,2,0.3111291548118492,1.1111291548118492,2,3.749837484867762,1,StrongMerger
824,164,6,1,0.0,0.6000000000000001,0,6.000048475713075,0,Fragmented
825,43,6,5,1.5005600579239198,2.1005600579239196,2,0.6020882788614159,4,StrongMerger
826,0,0,1,0.0,0.0,0,2.1628426593295176,0,Trivial
827,4,1,2,0.6808899872666533,0.7808899872666533,2,1.5294770089407463,1,StrongMerger
828,18,0,2,0.08048483706800685,0.08048483706800685,0,3.4154752426704995,1,Trivial
829,13,1,2,0.40609642111261135,0.5060964211126113,2,1.3415792614036652,1,StrongMerger
830,26,4,2,0.6911927820032008,1.0911927820032008,2,0.9135327593758374,1,StrongMerger
831,0,0,2,0.5253213195155949,0.5253213195155949,0,1.9562597038641678,1,Trivial
832,0,0,3,0.8394529426301041,0.8394529426301041,0,0.5445812464367719,2,Trivial
833,127,2,4,0.8929504822874641,1.092950482287464,2,1.0934416477657192,3,StrongMerger
834,18,2,2,0.6434915530192904,0.8434915530192904,2,0.36546295836523746,1,StrongMerger
835,175,5,2,0.37677016125643675,0.8767701612564367,2,4.666617588390083,1,StrongMerger
836,18,2,1,0.0,0.2,0,3.441393201498176,0,Fragmented
837,0,0,1,0.0,0.0,0,0.832267903350643,0,Trivial
838,26,2,4,1.2907650867800378,1.4907650867800377,2,0.2486918581861773,3,StrongMerger
839,18,3,4,1.2389721789244328,1.5389721789244328,2,1.8898599714491124,3,StrongMerger
840,128,1,3,0.9138977180245067,1.0138977180245068,2,1.109259804240839,2,StrongMerger
841,0,0,1,0.0,0.0,0,4.439347109612493,0,Trivial
842,189,5,2,0.5253213195155949,1.0253213195155948,2,4.844961560742575,1,StrongMerger
843,70,2,2,0.48257756517701206,0.6825775651770121,2,1.2535935028863794,1,StrongMerger
844,8,1,2,0.6808899872666533,0.7808899872666533,2,1.2338320805199117,1,StrongMerger
845,0,0,1,0.0,0.0,0,3.8284014269887274,0,Trivial
846,112,4,2,0.6328428307500615,1.0328428307500617,2,1.0852604782715074,1,StrongMerger
847,134,6,4,1.2241893648263928,1.824189364826393,2,0.6962328001644024,3,StrongMerger
848,0,0,3,0.8534657656895106,0.8534657656895106,0,1.0559870414899253,2,Trivial
849,4,2,3,0.9130285508340013,1.1130285508340012,2,0.583726886322548,2,StrongMerger
850,0,0,2,0.5941300227248385,0.5941300227248385,0,0.35805193672032126,1,Trivial
851,9,2,3,0.7774621319109288,0.9774621319109289,2,3.209179121733796,2,StrongMerger
852,0,0,1,0.0,0.0,0,1.9489784528464804,0,Trivial
853,94,1,3,1.073763865055576,1.1737638650555762,2,1.2790912552872837,2,StrongMerger
854,0,0,3,0.9827157898414949,0.9827157898414949,0,1.3457091438218567,2,Trivial
855,15,5,2,0.6210863745552451,1.121086374555245,2,1.405734706237666,1,StrongMerger
856,196,5,3,0.7064440523558189,1.2064440523558189,2,4.321842459173256,2,StrongMerger
857,9,5,2,0.5047041940481001,1.0047041940481,2,2.6962360940253536,1,StrongMerger
858,13,1,2,0.6328428307500615,0.7328428307500615,2,2.0271813051876952,1,StrongMerger
859,65,3,3,0.8129422381592002,1.1129422381592002,2,1.2519630700169162,2,StrongMerger
860,24,1,5,1.2807305650514986,1.3807305650514987,2,0.906996135586004,4,StrongMerger
861,3,1,3,0.5363593120000422,0.6363593120000421,2,3.4402135184264337,2,StrongMerger
862,0,0,1,0.0,0.0,0,6.7298864089988255,0,Trivial
863,0,0,3,0.9201898362918671,0.9201898362918671,0,3.232829028657927,2,Trivial
864,84,2,2,0.45884684243710105,0.658846842437101,1,3.4599395163204356,1,WeakMerger
865,0,0,3,0.9162607129048044,0.9162607129048044,0,2.652428882788809,2,Trivial
866,0,0,2,0.48257756517701206,0.48257756517701206,0,0.35439771790600655,1,Trivial
867,0,0,2,0.6081931982998787,0.6081931982998787,0,1.3119658207842562,1,Trivial
868,0,0,3,0.8760473519389309,0.8760473519389309,0,0.35702266953140543,2,Trivial
869,0,0,3,1.0361059705283655,1.0361059705283655,0,0.6456550279228709,2,Trivial
870,15,4,3,0.9613067103070353,1.3613067103070353,2,1.9135696934697146,2,StrongMerger
871,0,0,4,1.3302817443480106,1.3302817443480106,0,0.17299027813867907,3,Trivial
872,0,0,1,0.0,0.0,0,2.7216852719419573,0,Trivial
873,112,6,2,0.5047041940481001,1.1047041940481002,2,0.6894016217363337,1,StrongMerger
874,26,2,1,0.0,0.2,0,2.384812351136027,0,Fragmented
875,11,2,4,1.1255800962968388,1.3255800962968387,2,0.5481815191776862,3,StrongMerger
876,108,1,3,1.0361059705283655,1.1361059705283656,2,0.6877438069823663,2,StrongMerger
877,124,3,2,0.6808899872666533,0.9808899872666533,2,0.8451941634551292,1,StrongMerger
878,0,0,1,0.0,0.0,0,6.466176745332898,0,Trivial
879,56,1,3,0.9394748701797939,1.039474870179794,2,0.9689668232958167,2,StrongMerger
880,54,2,1,0.0,0.2,0,1.5411631208439065,0,Fragmented
881,0,0,2,0.2337916587064593,0.2337916587064593,0,1.10161544439306,1,Trivial
882,53,4,3,0.7482102114830909,1.1482102114830908,2,2.860488897535471,2,StrongMerger
883,181,7,4,1.2159658265587077,1.9159658265587076,2,0.5966674419470622,3,StrongMerger
884,0,0,2,0.6530577442776866,0.6530577442776866,0,0.7325559464969742,1,Trivial
885,0,0,2,0.6081931982998787,0.6081931982998787,0,1.5870828805141624,1,Trivial
886,20,2,2,0.48257756517701206,0.6825775651770121,2,0.7920956917727539,1,StrongMerger
887,23,2,2,0.6434915530192904,0.8434915530192904,2,4.037176820437601,1,StrongMerger
888,0,0,2,0.37677016125643675,0.37677016125643675,0,2.691522526220897,1,Trivial
889,0,0,4,0.9286785403808919,0.9286785403808919,0,2.3989651440392272,3,Trivial
890,100,2,5,1.455135648505901,1.655135648505901,2,0.28638432839280026,4,StrongMerger
891,0,0,3,0.7968161072486227,0.7968161072486227,0,0.9705141909231964,2,Trivial
892,0,0,1,0.0,0.0,0,3.735120148708998,0,Trivial
893,0,0,2,0.34520662539160074,0.34520662539160074,0,2.5481676791257355,1,Trivial
894,29,3,3,0.9806428695122922,1.2806428695122922,2,0.647427627639188,2,StrongMerger
895,56,4,5,1.2408273950859527,1.6408273950859527,2,0.4051586927168813,4,StrongMerger
896,100,4,3,1.0148929570695904,1.4148929570695903,2,0.6341272641840318,2,StrongMerger
897,68,2,2,0.6530577442776866,0.8530577442776865,2,0.8504202589533654,1,StrongMerger
898,1,0,5,1.3769989966257425,1.3769989966257425,0,0.28026116245846255,4,Trivial
899,119,4,2,0.6754645824509031,1.0754645824509033,2,1.2295885076319275,1,StrongMerger
900,28,2,2,0.40609642111261135,0.6060964211126114,2,0.5519287844619746,1,StrongMerger
901,23,2,2,0.6081931982998787,0.8081931982998787,2,11.632157829245024,1,StrongMerger
902,27,2,3,0.8119814689473993,1.0119814689473994,2,0.8510136864411794,2,StrongMerger
903,90,4,2,0.6081931982998787,1.0081931982998786,2,0.6094392447401411,1,StrongMerger
904,7,3,1,0.0,0.30000000000000004,0,5.334419917683109,0,Fragmented
905,57,3,2,0.6808899872666533,0.9808899872666533,2,2.127840725642685,1,StrongMerger
906,120,7,2,0.27416591535017265,0.9741659153501727,2,4.243204964449241,1,StrongMerger
907,2,1,2,0.3111291548118492,0.4111291548118492,2,2.764065083536851,1,StrongMerger
908,44,3,3,0.9018177312797546,1.2018177312797547,2,0.8386747994248395,2,StrongMerger
909,47,3,6,1.6584392415968265,1.9584392415968266,2,0.983487590823688,5,StrongMerger
910,37,4,2,0.6931471805599453,1.0931471805599453,2,1.6436078465434905,1,StrongMerger
911,129,4,1,0.0,0.4,0,1.386572576571552,0,Fragmented
912,10,4,3,1.0969145891465133,1.4969145891465132,2,0.42860640453176085,2,StrongMerger
913,24,5,1,0.0,0.5,0,4.68170499743647,0,Fragmented
914,254,7,2,0.5623351446188083,1.2623351446188082,2,2.671549212415365,1,StrongMerger
915,0,0,2,0.4333988732907457,0.4333988732907457,0,1.3113897912040537,1,Trivial
916,32,4,4,1.2271286521897642,1.6271286521897643,2,1.1913285207443176,3,StrongMerger
917,3,3,3,0.9262190514038544,1.2262190514038545,2,0.8450555135975156,2,StrongMerger
918,73,0,3,0.8817608963367715,0.8817608963367715,0,2.116169178201265,2,Trivial
919,0,0,2,0.45884684243710105,0.45884684243710105,0,0.6728739274216646,1,Trivial
920,18,4,2,0.6808899872666533,1.0808899872666533,2,1.4005463490303707,1,StrongMerger
921,122,4,1,0.0,0.4,0,1.6546908976303734,0,Fragmented
922,35,1,3,1.0532200380741075,1.1532200380741076,2,1.268452380866939,2,StrongMerger
923,85,3,1,0.0,0.30000000000000004,0,2.403932318435645,0,Fragmented
924,101,8,2,0.5623351446188083,1.3623351446188083,2,1.5904645429207036,1,StrongMerger
925,0,0,1,0.0,0.0,0,4.975480719529298,0,Trivial
926,0,0,2,0.5253213195155949,0.5253213195155949,0,1.9027114017413145,1,Trivial
927,88,2,3,0.930645552649247,1.130645552649247,2,1.0133850789520518,2,StrongMerger
928,140,4,3,0.9130285508340014,1.3130285508340014,2,1.008091457642824,2,StrongMerger
929,245,5,3,0.85990958483552,1.35990958483552,2,4.679625381038601,2,StrongMerger
930,98,6,3,0.8449127655611359,1.444912765561136,2,1.3097579909883468,2,StrongMerger
931,45,2,4,1.3568735896254887,1.5568735896254886,2,1.7122006885686876,3,StrongMerger
932,22,0,3,0.7531829644946173,0.7531829644946173,0,3.1706436066906445,2,Trivial
933,101,2,2,0.5941300227248385,0.7941300227248385,2,8.315298797810236,1,StrongMerger
934,75,7,2,0.5788586438389152,1.2788586438389151,2,4.218657217078752,1,StrongMerger
935,123,6,2,0.6926588198060253,1.2926588198060254,2,2.0532742312922627,1,StrongMerger
936,50,5,3,0.7588180950206032,1.2588180950206032,2,0.8246676723202521,2,StrongMerger
937,20,4,4,1.1763880703528766,1.5763880703528765,2,1.5438210321824295,3,StrongMerger
938,242,7,2,0.13906079845474112,0.8390607984547411,2,2.9848358217511617,1,StrongMerger
939,93,1,1,0.0,0.1,0,1.362515514101731,0,Fragmented
940,0,0,2,0.45884684243710105,0.45884684243710105,0,1.2175289148056891,1,Trivial
941,37,5,4,1.2374671236775785,1.7374671236775785,2,0.42820818663439036,3,StrongMerger
942,48,5,4,1.2292955700171175,1.7292955700171175,2,0.8972350403030254,3,StrongMerger
943,110,2,4,1.3033875541616107,1.5033875541616106,2,0.7345032627597482,3,StrongMerger
944,143,4,2,0.27416591535017265,0.6741659153501727,2,4.2045960180442465,1,StrongMerger
945,148,7,2,0.6754645824509031,1.375464582450903,2,1.147146192136972,1,StrongMerger
946,24,0,3,0.9624037646424741,0.9624037646424741,0,0.9945683726680804,2,Trivial
947,0,0,3,1.0877223686147217,1.0877223686147217,0,0.9671658517488566,2,Trivial
948,0,0,4,1.2794059158125233,1.2794059158125233,0,0.7509584638621897,3,Trivial
949,99,5,1,0.0,0.5,0,3.822337737593091,0,Fragmented
950,0,0,2,0.37677016125643675,0.37677016125643675,0,4.389482993847176,1,Trivial
951,157,6,2,0.08048483706800685,0.680484837068007,2,1.891055651884063,1,StrongMerger
952,103,6,2,0.3111291548118492,0.9111291548118493,2,5.509766370921779,1,StrongMerger
953,22,2,3,0.9262190514038544,1.1262190514038544,2,0.6649499110295461,2,StrongMerger
954,119,6,3,0.8497368075017262,1.4497368075017263,2,1.6659168015665196,2,StrongMerger
955,38,6,4,0.9106196880832241,1.5106196880832243,2,1.35950000023025,3,StrongMerger
956,56,2,6,1.6001725111969956,1.8001725111969955,2,0.4982412411098632,5,StrongMerger
957,0,0,2,0.37677016125643675,0.37677016125643675,0,6.750999467536968,1,Trivial
958,151,9,1,0.0,0.9,0,2.9030658989850413,0,Fragmented
959,104,3,3,0.9522287851265798,1.2522287851265799,2,0.519111949650263,2,StrongMerger
960,0,0,1,0.0,0.0,0,1.5333882574940232,0,Trivial
961,79,5,3,1.0479292083955523,1.5479292083955523,2,1.9690852697718848,2,StrongMerger
962,36,2,3,0.7416929319329894,0.9416929319329894,2,0.8019375114554392,2,StrongMerger
963,24,0,1,0.0,0.0,0,1.1499876655418002,0,Trivial
964,76,5,3,1.0495259788207552,1.5495259788207552,2,0.8813079838385077,2,StrongMerger
965,135,10,3,0.7208503627184868,1.7208503627184868,2,2.82033109633458,2,StrongMerger
966,0,0,2,0.27416591535017265,0.27416591535017265,0,0.6186456855114453,1,Trivial
967,2,0,3,0.8498770601102161,0.8498770601102161,0,0.21405271443855267,2,Trivial
968,0,0,1,0.0,0.0,0,2.898415112907326,0,Trivial
969,0,0,1,0.0,0.0,0,3.8780074947322767,0,Trivial
970,33,3,2,0.6434915530192904,0.9434915530192904,2,0.7105854044050722,1,StrongMerger
971,75,4,2,0.5253213195155949,0.9253213195155949,2,0.9597749709513849,1,StrongMerger
972,108,5,3,0.7922869466305904,1.2922869466305904,2,0.7976757764348188,2,StrongMerger
973,80,0,4,1.2163290724778848,1.2163290724778848,0,0.25130202408283675,3,Trivial
974,19,4,5,1.407925615431385,1.807925615431385,2,0.4494932265115596,4,StrongMerger
975,0,0,1,0.0,0.0,0,2.0898255606537313,0,Trivial
976,88,3,3,0.8852465195339148,1.1852465195339148,2,0.8239597893536903,2,StrongMerger
977,121,6,2,0.13906079845474112,0.7390607984547413,2,2.1962604846405545,1,StrongMerger
978,0,0,3,0.7070534714832132,0.7070534714832132,0,0.3456633535032474,2,Trivial
979,121,6,2,0.6754645824509031,1.2754645824509032,2,0.6502763653733793,1,StrongMerger
980,0,0,3,1.0743409937030508,1.0743409937030508,0,0.5575833177181658,2,Trivial
981,15,2,3,0.7609808567865921,0.9609808567865921,2,0.348000838673815,2,StrongMerger
982,0,0,2,0.6328428307500615,0.6328428307500615,0,0.933379903298836,1,Trivial
983,13,3,3,0.9002560512685369,1.200256051268537,2,0.8878971360642547,2,StrongMerger
984,131,3,3,1.0662173875546272,1.3662173875546273,2,0.8032574853142683,2,StrongMerger
985,29,2,3,1.0387435715615458,1.2387435715615458,2,0.82031887573009,2,StrongMerger
986,20,2,3,1.0953886842281757,1.2953886842281757,2,2.136747476977453,2,StrongMerger
987,134,6,2,0.45884684243710105,1.0588468424371011,2,1.657135048175484,1,StrongMerger
988,185,10,1,0.0,1.0,0,3.11843327651076,0,Fragmented
989,96,2,6,1.4270294192042525,1.6270294192042525,2,1.044684403236019,5,StrongMerger
990,117,4,1,0.0,0.4,0,2.3009884370276814,0,Fragmented
991,233,11,1,0.0,1.1,0,4.354965865453745,0,Fragmented
992,137,5,2,0.5047041940481001,1.0047041940481,2,1.5203078164354689,1,StrongMerger
993,149,6,2,0.6690268361602776,1.2690268361602777,2,2.872139563785236,1,StrongMerger
994,108,4,2,0.2337916587064593,0.6337916587064594,2,1.3711967345917493,1,StrongMerger
995,21,3,4,1.0403327399959745,1.3403327399959746,2,0.9899301514916932,3,StrongMerger
996,7,1,3,0.4470620543337879,0.5470620543337879,2,2.059231651014975,2,StrongMerger
997,7,1,2,0.13906079845474112,0.23906079845474112,1,3.424270007331649,1,WeakMerger
998,138,2,2,0.6434915530192904,0.8434915530192904,2,1.0366263389809143,1,StrongMerger
999,0,0,1,0.0,0.0,0,6.047891024020897,0,Trivial
